STATE,STATENAME,ST_CASE,PEDS,PERNOTMVIT,VE_TOTAL,VE_FORMS,PVH_INVL,PERSONS,PERMVIT,COUNTY,COUNTYNAME,CITY,CITYNAME,MONTH,MONTHNAME,DAY,DAYNAME,DAY_WEEK,DAY_WEEKNAME,YEAR,HOUR,HOURNAME,MINUTE,MINUTENAME,TWAY_ID,TWAY_ID2,ROUTE,ROUTENAME,RUR_URB,RUR_URBNAME,FUNC_SYS,FUNC_SYSNAME,RD_OWNER,RD_OWNERNAME,NHS,NHSNAME,SP_JUR,SP_JURNAME,MILEPT,MILEPTNAME,LATITUDE,LATITUDENAME,LONGITUD,LONGITUDNAME,HARM_EV,HARM_EVNAME,MAN_COLL,MAN_COLLNAME,RELJCT1,RELJCT1NAME,RELJCT2,RELJCT2NAME,TYP_INT,TYP_INTNAME,REL_ROAD,REL_ROADNAME,WRK_ZONE,WRK_ZONENAME,LGT_COND,LGT_CONDNAME,WEATHER,WEATHERNAME,SCH_BUS,SCH_BUSNAME,RAIL,RAILNAME,NOT_HOUR,NOT_HOURNAME,NOT_MIN,NOT_MINNAME,ARR_HOUR,ARR_HOURNAME,ARR_MIN,ARR_MINNAME,HOSP_HR,HOSP_HRNAME,HOSP_MN,HOSP_MNNAME,FATALS
39,Ohio,390079,0,0,3,3,0,2,2,113,MONTGOMERY (113),0,NOT APPLICABLE,1,January,5,5,4,Wednesday,2022,20,8:00pm-8:59pm,8,8,I-75,NA,1,Interstate,2,Urban,1,Interstate,1,State Highway Agency,1,This section IS ON the NHS,0,No Special Jurisdiction,8,8,39.59773056,39.59773056,-84.2372,-84.2372,12,Motor Vehicle In-Transport,1,Front-to-Rear,0,No,1,Non-Junction,1,Not an Intersection,1,On Roadway,0,None,2,Dark - Not Lighted,10,Cloudy,0,No,0000000,Not Applicable,20,8:00pm-8:59pm,4,4,20,8:00pm-8:59pm,17,17,20,8:00pm-8:59pm,37,37,1
39,Ohio,390080,1,1,1,1,0,1,1,23,CLARK (23),7800,SPRINGFIELD,2,February,5,5,7,Saturday,2022,21,9:00pm-9:59pm,54,54,CR-505 GRAND AVE,NA,4,County Road,2,Urban,5,Major Collector,2,County Highway Agency,0,This section IS NOT on the NHS,0,No Special Jurisdiction,0,None,39.91163333,39.91163333,-83.80625,-83.80625,8,Pedestrian,0,The First Harmful Event was Not a Collision with a Motor Vehicle in Transport,0,No,1,Non-Junction,1,Not an Intersection,1,On Roadway,0,None,3,Dark - Lighted,10,Cloudy,0,No,0000000,Not Applicable,21,9:00pm-9:59pm,55,55,22,10:00pm-10:59pm,2,2,88,Not Applicable (Not Transported),88,Not Applicable (Not Transported),1
39,Ohio,390081,0,0,2,2,0,2,2,71,HIGHLAND (71),0,NOT APPLICABLE,2,February,10,10,5,Thursday,2022,15,3:00pm-3:59pm,7,7,US-50,NA,2,US Highway,1,Rural,4,Minor Arterial,1,State Highway Agency,0,This section IS NOT on the NHS,0,No Special Jurisdiction,189,189,39.21482222,39.21482222,-83.52191667,-83.52191667,24,Guardrail Face,0,The First Harmful Event was Not a Collision with a Motor Vehicle in Transport,0,No,1,Non-Junction,1,Not an Intersection,4,On Roadside,0,None,1,Daylight,1,Clear,0,No,0000000,Not Applicable,15,3:00pm-3:59pm,9,9,15,3:00pm-3:59pm,15,15,99,Unknown,99,Unknown EMS Hospital Arrival Time,1
39,Ohio,390082,0,0,2,2,0,2,2,165,WARREN (165),0,NOT APPLICABLE,2,February,7,7,2,Monday,2022,12,12:00pm-12:59pm,8,8,SR-28,NA,3,State Highway,1,Rural,5,Major Collector,1,State Highway Agency,0,This section IS NOT on the NHS,0,No Special Jurisdiction,13,13,39.26754167,39.26754167,-84.06961389,-84.06961389,12,Motor Vehicle In-Transport,6,Angle,0,No,1,Non-Junction,1,Not an Intersection,1,On Roadway,0,None,1,Daylight,10,Cloudy,0,No,0000000,Not Applicable,12,12:00pm-12:59pm,19,19,12,12:00pm-12:59pm,26,26,13,1:00pm-1:59pm,17,17,1
39,Ohio,390083,0,0,2,2,0,2,2,23,CLARK (23),0,NOT APPLICABLE,2,February,10,10,5,Thursday,2022,10,10:00am-10:59am,41,41,I-70 DWIGHT D EISENHOWER HWY,NA,1,Interstate,1,Rural,1,Interstate,1,State Highway Agency,1,This section IS ON the NHS,0,No Special Jurisdiction,227,227,39.93589167,39.93589167,-83.65729444,-83.65729444,12,Motor Vehicle In-Transport,1,Front-to-Rear,0,No,1,Non-Junction,1,Not an Intersection,1,On Roadway,0,None,1,Daylight,10,Cloudy,0,No,0000000,Not Applicable,10,10:00am-10:59am,36,36,10,10:00am-10:59am,46,46,88,Not Applicable (Not Transported),88,Not Applicable (Not Transported),1
39,Ohio,390084,0,0,1,1,0,2,2,169,WAYNE (169),0,NOT APPLICABLE,2,February,9,9,4,Wednesday,2022,6,6:00am-6:59am,23,23,I-71,NA,1,Interstate,1,Rural,1,Interstate,1,State Highway Agency,1,This section IS ON the NHS,0,No Special Jurisdiction,20,20,40.940575,40.940575,-82.09826944,-82.09826944,31,"Post, Pole or Other Supports",0,The First Harmful Event was Not a Collision with a Motor Vehicle in Transport,0,No,1,Non-Junction,1,Not an Intersection,4,On Roadside,0,None,3,Dark - Lighted,10,Cloudy,0,No,0000000,Not Applicable,11,11:00am-11:59am,21,21,11,11:00am-11:59am,35,35,12,12:00pm-12:59pm,16,16,1
39,Ohio,390085,1,1,1,1,0,1,1,49,FRANKLIN (49),1800,COLUMBUS,2,February,18,18,6,Friday,2022,0,0:00am-0:59am,44,44,JAMES  RD,FAIR AVE,6,Local Street - Municipality,2,Urban,4,Minor Arterial,4,City or Municipal Highway Agency,0,This section IS NOT on the NHS,0,No Special Jurisdiction,0,None,39.96133889,39.96133889,-82.9144,-82.9144,8,Pedestrian,0,The First Harmful Event was Not a Collision with a Motor Vehicle in Transport,0,No,3,Intersection-Related,2,Four-Way Intersection,1,On Roadway,0,None,3,Dark - Lighted,2,Rain,0,No,0000000,Not Applicable,0,0:00am-0:59am,49,49,0,0:00am-0:59am,53,53,88,Not Applicable (Not Transported),88,Not Applicable (Not Transported),1
39,Ohio,390086,0,0,2,2,0,4,4,165,WARREN (165),0,NOT APPLICABLE,2,February,13,13,1,Sunday,2022,17,5:00pm-5:59pm,42,42,I-71,NA,1,Interstate,1,Rural,1,Interstate,1,State Highway Agency,1,This section IS ON the NHS,0,No Special Jurisdiction,168,168,39.43029167,39.43029167,-84.07835556,-84.07835556,34,Ditch,0,The First Harmful Event was Not a Collision with a Motor Vehicle in Transport,0,No,1,Non-Junction,1,Not an Intersection,3,On Median,0,None,1,Daylight,4,Snow,0,No,0000000,Not Applicable,17,5:00pm-5:59pm,46,46,17,5:00pm-5:59pm,53,53,18,6:00pm-6:59pm,42,42,1
39,Ohio,390087,0,0,2,2,0,5,5,35,CUYAHOGA (35),1680,CLEVELAND,1,January,30,30,1,Sunday,2022,0,0:00am-0:59am,8,8,CR-398 WOODHILL RD,CR-765 QUINCY AV,4,County Road,2,Urban,4,Minor Arterial,2,County Highway Agency,0,This section IS NOT on the NHS,0,No Special Jurisdiction,0,None,41.49343611,41.49343611,-81.61155556,-81.61155556,33,Curb,0,The First Harmful Event was Not a Collision with a Motor Vehicle in Transport,0,No,3,Intersection-Related,6,Roundabout,4,On Roadside,0,None,3,Dark - Lighted,10,Cloudy,0,No,0000000,Not Applicable,0,0:00am-0:59am,19,19,0,0:00am-0:59am,30,30,0,0:00am-0:59am,47,47,1
39,Ohio,390088,1,1,1,1,0,1,1,107,MERCER (107),0,NOT APPLICABLE,2,February,12,12,7,Saturday,2022,13,1:00pm-1:59pm,47,47,US-127,NA,2,US Highway,1,Rural,4,Minor Arterial,1,State Highway Agency,0,This section IS NOT on the NHS,0,No Special Jurisdiction,182,182,40.61549167,40.61549167,-84.57158333,-84.57158333,8,Pedestrian,0,The First Harmful Event was Not a Collision with a Motor Vehicle in Transport,0,No,1,Non-Junction,1,Not an Intersection,1,On Roadway,0,None,1,Daylight,1,Clear,0,No,0000000,Not Applicable,13,1:00pm-1:59pm,47,47,13,1:00pm-1:59pm,53,53,88,Not Applicable (Not Transported),88,Not Applicable (Not Transported),1
39,Ohio,390089,0,0,1,1,0,1,1,89,LICKING (89),3428,HEATH,2,February,20,20,1,Sunday,2022,2,2:00am-2:59am,36,36,HEATH RD,NA,6,Local Street - Municipality,2,Urban,7,Local,4,City or Municipal Highway Agency,0,This section IS NOT on the NHS,0,No Special Jurisdiction,0,None,40.02371389,40.02371389,-82.47085,-82.47085,43,Other Fixed Object,0,The First Harmful Event was Not a Collision with a Motor Vehicle in Transport,0,No,1,Non-Junction,1,Not an Intersection,4,On Roadside,0,None,3,Dark - Lighted,1,Clear,0,No,0000000,Not Applicable,2,2:00am-2:59am,41,41,2,2:00am-2:59am,50,50,88,Not Applicable (Not Transported),88,Not Applicable (Not Transported),1
39,Ohio,390090,0,0,1,1,0,1,1,35,CUYAHOGA (35),1680,CLEVELAND,2,February,17,17,5,Thursday,2022,2,2:00am-2:59am,52,52,NELA VIEW RD,NA,6,Local Street - Municipality,2,Urban,7,Local,4,City or Municipal Highway Agency,0,This section IS NOT on the NHS,0,No Special Jurisdiction,0,None,41.53410278,41.53410278,-81.55956111,-81.55956111,18,Other Object (not fixed),0,The First Harmful Event was Not a Collision with a Motor Vehicle in Transport,0,No,1,Non-Junction,1,Not an Intersection,4,On Roadside,0,None,3,Dark - Lighted,1,Clear,0,No,0000000,Not Applicable,2,2:00am-2:59am,53,53,2,2:00am-2:59am,59,59,88,Not Applicable (Not Transported),88,Not Applicable (Not Transported),1
39,Ohio,390091,0,0,1,1,0,1,1,61,HAMILTON (61),7795,SPRINGDALE,2,February,16,16,4,Wednesday,2022,0,0:00am-0:59am,40,40,SR-4 SPRINGFIELD RD,NA,3,State Highway,2,Urban,3,Principal Arterial - Other,1,State Highway Agency,1,This section IS ON the NHS,0,No Special Jurisdiction,93,93,39.28666667,39.28666667,-84.485075,-84.485075,99,Reported as Unknown,99,Reported as Unknown,0,No,1,Non-Junction,1,Not an Intersection,5,Outside Trafficway,0,None,3,Dark - Lighted,10,Cloudy,0,No,0000000,Not Applicable,99,Unknown,99,Unknown,99,Unknown EMS Scene Arrival Hour,99,Unknown EMS Scene Arrival Minutes,99,Unknown,99,Unknown EMS Hospital Arrival Time,1
39,Ohio,390092,0,0,2,2,0,3,3,49,FRANKLIN (49),1800,COLUMBUS,2,February,21,21,2,Monday,2022,18,6:00pm-6:59pm,49,49,SR-104,NA,3,State Highway,2,Urban,2,Principal Arterial - Other Freeways and Expressways,1,State Highway Agency,0,This section IS NOT on the NHS,0,No Special Jurisdiction,130,130,39.91719167,39.91719167,-82.92143611,-82.92143611,12,Motor Vehicle In-Transport,2,Front-to-Front,0,No,1,Non-Junction,1,Not an Intersection,1,On Roadway,0,None,2,Dark - Not Lighted,1,Clear,0,No,0000000,Not Applicable,18,6:00pm-6:59pm,52,52,18,6:00pm-6:59pm,56,56,19,7:00pm-7:59pm,20,20,1
39,Ohio,390094,1,1,1,1,0,1,1,49,FRANKLIN (49),1800,COLUMBUS,2,February,23,23,4,Wednesday,2022,13,1:00pm-1:59pm,39,39,KELTON AVE,OAK ST,6,Local Street - Municipality,2,Urban,5,Major Collector,4,City or Municipal Highway Agency,0,This section IS NOT on the NHS,0,No Special Jurisdiction,0,None,39.96235,39.96235,-82.95833056,-82.95833056,8,Pedestrian,0,The First Harmful Event was Not a Collision with a Motor Vehicle in Transport,0,No,3,Intersection-Related,2,Four-Way Intersection,1,On Roadway,0,None,1,Daylight,10,Cloudy,0,No,0000000,Not Applicable,13,1:00pm-1:59pm,40,40,13,1:00pm-1:59pm,43,43,13,1:00pm-1:59pm,55,55,1
39,Ohio,390095,0,0,2,2,0,3,3,153,SUMMIT (153),70,AKRON,1,January,27,27,5,Thursday,2022,8,8:00am-8:59am,59,59,CR-634 CEDAR ST,NA,4,County Road,2,Urban,4,Minor Arterial,2,County Highway Agency,0,This section IS NOT on the NHS,0,No Special Jurisdiction,0,None,41.08305556,41.08305556,-81.53601667,-81.53601667,12,Motor Vehicle In-Transport,1,Front-to-Rear,0,No,1,Non-Junction,1,Not an Intersection,1,On Roadway,0,None,1,Daylight,1,Clear,0,No,0000000,Not Applicable,9,9:00am-9:59am,2,2,9,9:00am-9:59am,6,6,9,9:00am-9:59am,20,20,1
39,Ohio,390096,0,0,2,2,0,3,3,123,OTTAWA (123),0,NOT APPLICABLE,2,February,4,4,6,Friday,2022,18,6:00pm-6:59pm,18,18,SR-19,NA,3,State Highway,1,Rural,5,Major Collector,1,State Highway Agency,0,This section IS NOT on the NHS,0,No Special Jurisdiction,23,23,41.49145556,41.49145556,-83.14532778,-83.14532778,12,Motor Vehicle In-Transport,6,Angle,0,No,1,Non-Junction,1,Not an Intersection,1,On Roadway,0,None,5,Dusk,10,Cloudy,0,No,0000000,Not Applicable,18,6:00pm-6:59pm,31,31,19,7:00pm-7:59pm,0,0,19,7:00pm-7:59pm,43,43,2
39,Ohio,390097,0,0,2,2,0,2,2,155,TRUMBULL (155),0,NOT APPLICABLE,2,February,11,11,6,Friday,2022,14,2:00pm-2:59pm,40,40,I-80,NA,1,Interstate,2,Urban,1,Interstate,1,State Highway Agency,1,This section IS ON the NHS,0,No Special Jurisdiction,50,50,41.159625,41.159625,-80.65012222,-80.65012222,12,Motor Vehicle In-Transport,7,Sideswipe - Same Direction,0,No,1,Non-Junction,1,Not an Intersection,1,On Roadway,0,None,1,Daylight,10,Cloudy,0,No,0000000,Not Applicable,14,2:00pm-2:59pm,42,42,14,2:00pm-2:59pm,51,51,88,Not Applicable (Not Transported),88,Not Applicable (Not Transported),1
39,Ohio,390098,0,0,2,1,1,1,1,155,TRUMBULL (155),0,NOT APPLICABLE,2,February,14,14,2,Monday,2022,15,3:00pm-3:59pm,44,44,SR-5,NA,3,State Highway,2,Urban,3,Principal Arterial - Other,1,State Highway Agency,1,This section IS ON the NHS,0,No Special Jurisdiction,41,41,41.22044444,41.22044444,-80.93121389,-80.93121389,59,Traffic Sign Support,0,The First Harmful Event was Not a Collision with a Motor Vehicle in Transport,0,No,1,Non-Junction,1,Not an Intersection,1,On Roadway,4,"Work Zone, Type Unknown",1,Daylight,1,Clear,0,No,0000000,Not Applicable,3,3:00am-3:59am,52,52,4,4:00am-4:59am,12,12,4,4:00am-4:59am,23,23,1
39,Ohio,390099,0,0,2,2,0,5,5,93,LORAIN (93),0,NOT APPLICABLE,2,February,12,12,7,Saturday,2022,15,3:00pm-3:59pm,26,26,TR-44 HAWLEY RD,NA,5,Local Street - Township,1,Rural,7,Local,3,Town or Township Highway Agency,0,This section IS NOT on the NHS,0,No Special Jurisdiction,0,None,41.16630833,41.16630833,-82.19355833,-82.19355833,12,Motor Vehicle In-Transport,2,Front-to-Front,0,No,1,Non-Junction,1,Not an Intersection,1,On Roadway,0,None,1,Daylight,10,Cloudy,0,No,0000000,Not Applicable,15,3:00pm-3:59pm,37,37,15,3:00pm-3:59pm,51,51,16,4:00pm-4:59pm,44,44,1
39,Ohio,390101,0,0,1,1,0,2,2,19,CARROLL (19),0,NOT APPLICABLE,2,February,16,16,4,Wednesday,2022,14,2:00pm-2:59pm,25,25,SR-212 CUMBERLAND RD,NA,3,State Highway,1,Rural,5,Major Collector,1,State Highway Agency,0,This section IS NOT on the NHS,0,No Special Jurisdiction,43,43,40.475975,40.475975,-81.21868889,-81.21868889,43,Other Fixed Object,0,The First Harmful Event was Not a Collision with a Motor Vehicle in Transport,0,No,1,Non-Junction,1,Not an Intersection,4,On Roadside,0,None,1,Daylight,1,Clear,0,No,0000000,Not Applicable,14,2:00pm-2:59pm,29,29,14,2:00pm-2:59pm,32,32,99,Unknown,99,Unknown EMS Hospital Arrival Time,1
39,Ohio,390103,0,0,1,1,0,3,3,113,MONTGOMERY (113),2090,DAYTON,2,February,20,20,1,Sunday,2022,2,2:00am-2:59am,32,32,SR-4 GERMANTOWN ST,NA,3,State Highway,2,Urban,3,Principal Arterial - Other,1,State Highway Agency,1,This section IS ON the NHS,0,No Special Jurisdiction,119,119,39.732425,39.732425,-84.25766667,-84.25766667,33,Curb,0,The First Harmful Event was Not a Collision with a Motor Vehicle in Transport,0,No,1,Non-Junction,1,Not an Intersection,4,On Roadside,0,None,3,Dark - Lighted,1,Clear,0,No,0000000,Not Applicable,2,2:00am-2:59am,34,34,2,2:00am-2:59am,41,41,3,3:00am-3:59am,1,1,1
39,Ohio,390104,0,0,2,2,0,2,2,49,FRANKLIN (49),1800,COLUMBUS,2,February,1,1,3,Tuesday,2022,0,0:00am-0:59am,52,52,I-71,NA,1,Interstate,2,Urban,1,Interstate,1,State Highway Agency,1,This section IS ON the NHS,0,No Special Jurisdiction,224,224,40.03244722,40.03244722,-82.99540278,-82.99540278,12,Motor Vehicle In-Transport,7,Sideswipe - Same Direction,0,No,1,Non-Junction,1,Not an Intersection,1,On Roadway,0,None,3,Dark - Lighted,10,Cloudy,0,No,0000000,Not Applicable,0,0:00am-0:59am,54,54,1,1:00am-1:59am,1,1,1,1:00am-1:59am,23,23,1
39,Ohio,390105,0,0,2,2,0,4,4,37,DARKE (37),0,NOT APPLICABLE,2,February,17,17,5,Thursday,2022,7,7:00am-7:59am,58,58,SR-49 WASHINGTON AVE,TR-119 HUNTER RD,3,State Highway,1,Rural,5,Major Collector,3,Town or Township Highway Agency,0,This section IS NOT on the NHS,0,No Special Jurisdiction,223,223,40.16515833,40.16515833,-84.63715278,-84.63715278,12,Motor Vehicle In-Transport,6,Angle,0,No,2,Intersection,2,Four-Way Intersection,1,On Roadway,0,None,1,Daylight,5,"Fog, Smog, Smoke",0,No,0000000,Not Applicable,7,7:00am-7:59am,58,58,8,8:00am-8:59am,8,8,8,8:00am-8:59am,30,30,2
39,Ohio,390106,0,0,1,1,0,1,1,95,LUCAS (95),8120,TOLEDO,2,February,27,27,1,Sunday,2022,14,2:00pm-2:59pm,56,56,SR-25 ANTHONY WAYNE TL,NA,3,State Highway,2,Urban,3,Principal Arterial - Other,1,State Highway Agency,1,This section IS ON the NHS,0,No Special Jurisdiction,79,79,41.63878056,41.63878056,-83.55556944,-83.55556944,43,Other Fixed Object,0,The First Harmful Event was Not a Collision with a Motor Vehicle in Transport,0,No,1,Non-Junction,1,Not an Intersection,4,On Roadside,4,"Work Zone, Type Unknown",1,Daylight,10,Cloudy,0,No,0000000,Not Applicable,15,3:00pm-3:59pm,4,4,15,3:00pm-3:59pm,8,8,88,Not Applicable (Not Transported),88,Not Applicable (Not Transported),1
39,Ohio,390107,1,1,1,1,0,1,1,93,LORAIN (93),4360,LORAIN,2,February,18,18,6,Friday,2022,19,7:00pm-7:59pm,25,25,CR-39 OBERLIN AV,17TH ST,4,County Road,2,Urban,4,Minor Arterial,2,County Highway Agency,0,This section IS NOT on the NHS,0,No Special Jurisdiction,0,None,41.45472222,41.45472222,-82.18513889,-82.18513889,8,Pedestrian,0,The First Harmful Event was Not a Collision with a Motor Vehicle in Transport,0,No,3,Intersection-Related,2,Four-Way Intersection,1,On Roadway,0,None,3,Dark - Lighted,10,Cloudy,0,No,0000000,Not Applicable,19,7:00pm-7:59pm,26,26,19,7:00pm-7:59pm,29,29,19,7:00pm-7:59pm,52,52,1
39,Ohio,390108,1,1,2,1,1,1,1,95,LUCAS (95),8120,TOLEDO,2,February,28,28,2,Monday,2022,0,0:00am-0:59am,4,4,SR-184 ALEXIS RD,WOODSIDE TRAIL,3,State Highway,2,Urban,3,Principal Arterial - Other,1,State Highway Agency,0,This section IS NOT on the NHS,0,No Special Jurisdiction,21,21,41.71993611,41.71993611,-83.65146111,-83.65146111,18,Other Object (not fixed),0,The First Harmful Event was Not a Collision with a Motor Vehicle in Transport,0,No,3,Intersection-Related,3,T-Intersection,5,Outside Trafficway,4,"Work Zone, Type Unknown",2,Dark - Not Lighted,1,Clear,0,No,0000000,Not Applicable,0,0:00am-0:59am,12,12,0,0:00am-0:59am,17,17,0,0:00am-0:59am,35,35,1
39,Ohio,390109,0,0,1,1,0,1,1,95,LUCAS (95),0,NOT APPLICABLE,2,February,21,21,2,Monday,2022,13,1:00pm-1:59pm,13,13,US-24,NA,2,US Highway,1,Rural,2,Principal Arterial - Other Freeways and Expressways,1,State Highway Agency,1,This section IS ON the NHS,0,No Special Jurisdiction,52,52,41.45675278,41.45675278,-83.79415,-83.79415,35,Embankment,0,The First Harmful Event was Not a Collision with a Motor Vehicle in Transport,0,No,1,Non-Junction,1,Not an Intersection,3,On Median,0,None,1,Daylight,1,Clear,0,No,0000000,Not Applicable,13,1:00pm-1:59pm,12,12,13,1:00pm-1:59pm,25,25,88,Not Applicable (Not Transported),88,Not Applicable (Not Transported),1
39,Ohio,390110,0,0,1,1,0,1,1,73,HOCKING (73),0,NOT APPLICABLE,2,February,23,23,4,Wednesday,2022,18,6:00pm-6:59pm,30,30,SR-278,NA,3,State Highway,1,Rural,5,Major Collector,1,State Highway Agency,0,This section IS NOT on the NHS,0,No Special Jurisdiction,82,82,39.50563056,39.50563056,-82.24944167,-82.24944167,35,Embankment,0,The First Harmful Event was Not a Collision with a Motor Vehicle in Transport,0,No,1,Non-Junction,1,Not an Intersection,4,On Roadside,0,None,2,Dark - Not Lighted,10,Cloudy,0,No,0000000,Not Applicable,18,6:00pm-6:59pm,32,32,18,6:00pm-6:59pm,36,36,88,Not Applicable (Not Transported),88,Not Applicable (Not Transported),1
39,Ohio,390112,0,0,1,1,0,1,1,173,WOOD (173),0,NOT APPLICABLE,2,February,26,26,7,Saturday,2022,19,7:00pm-7:59pm,39,39,TR-26 NEEDLES RD,NA,5,Local Street - Township,1,Rural,7,Local,3,Town or Township Highway Agency,0,This section IS NOT on the NHS,0,No Special Jurisdiction,0,None,41.19735556,41.19735556,-83.75680278,-83.75680278,42,Tree (Standing Only),0,The First Harmful Event was Not a Collision with a Motor Vehicle in Transport,0,No,1,Non-Junction,1,Not an Intersection,4,On Roadside,0,None,2,Dark - Not Lighted,1,Clear,0,No,0000000,Not Applicable,19,7:00pm-7:59pm,40,40,19,7:00pm-7:59pm,47,47,88,Not Applicable (Not Transported),88,Not Applicable (Not Transported),1
39,Ohio,390113,0,0,3,1,2,1,1,113,MONTGOMERY (113),2090,DAYTON,2,February,28,28,2,Monday,2022,8,8:00am-8:59am,18,18,SR-48 MAIN ST,NA,3,State Highway,2,Urban,3,Principal Arterial - Other,1,State Highway Agency,1,This section IS ON the NHS,0,No Special Jurisdiction,156,156,39.79446389,39.79446389,-84.21585278,-84.21585278,30,Utility Pole/Light Support,0,The First Harmful Event was Not a Collision with a Motor Vehicle in Transport,0,No,1,Non-Junction,1,Not an Intersection,4,On Roadside,0,None,1,Daylight,1,Clear,0,No,0000000,Not Applicable,8,8:00am-8:59am,20,20,8,8:00am-8:59am,25,25,88,Not Applicable (Not Transported),88,Not Applicable (Not Transported),1
39,Ohio,390114,1,1,1,1,0,2,2,35,CUYAHOGA (35),1020,BROADVIEW HTS,2,February,20,20,1,Sunday,2022,20,8:00pm-8:59pm,57,57,SR-176 BROADVIEW RD,NA,3,State Highway,2,Urban,4,Minor Arterial,1,State Highway Agency,0,This section IS NOT on the NHS,0,No Special Jurisdiction,37,37,41.33093333,41.33093333,-81.68461111,-81.68461111,8,Pedestrian,0,The First Harmful Event was Not a Collision with a Motor Vehicle in Transport,0,No,1,Non-Junction,1,Not an Intersection,1,On Roadway,0,None,2,Dark - Not Lighted,1,Clear,0,No,0000000,Not Applicable,20,8:00pm-8:59pm,59,59,21,9:00pm-9:59pm,2,2,21,9:00pm-9:59pm,21,21,1
39,Ohio,390115,0,0,1,1,0,1,1,165,WARREN (165),0,NOT APPLICABLE,2,February,27,27,1,Sunday,2022,19,7:00pm-7:59pm,53,53,CR-38 MASON-MORROW-MILLGRVE  R,NA,4,County Road,1,Rural,7,Local,2,County Highway Agency,0,This section IS NOT on the NHS,0,No Special Jurisdiction,0,None,39.36723333,39.36723333,-84.15652222,-84.15652222,34,Ditch,0,The First Harmful Event was Not a Collision with a Motor Vehicle in Transport,0,No,1,Non-Junction,1,Not an Intersection,4,On Roadside,0,None,2,Dark - Not Lighted,1,Clear,0,No,0000000,Not Applicable,19,7:00pm-7:59pm,55,55,20,8:00pm-8:59pm,0,0,20,8:00pm-8:59pm,34,34,1
39,Ohio,390116,0,0,1,1,0,1,1,129,PICKAWAY (129),0,NOT APPLICABLE,2,February,9,9,4,Wednesday,2022,1,1:00am-1:59am,0,0,SR-56,NA,3,State Highway,1,Rural,5,Major Collector,1,State Highway Agency,0,This section IS NOT on the NHS,0,No Special Jurisdiction,245,245,39.55308889,39.55308889,-82.86405,-82.86405,30,Utility Pole/Light Support,0,The First Harmful Event was Not a Collision with a Motor Vehicle in Transport,0,No,1,Non-Junction,1,Not an Intersection,4,On Roadside,0,None,2,Dark - Not Lighted,1,Clear,0,No,0000000,Not Applicable,1,1:00am-1:59am,2,2,1,1:00am-1:59am,18,18,88,Not Applicable (Not Transported),88,Not Applicable (Not Transported),1
39,Ohio,390117,0,0,5,1,4,1,1,49,FRANKLIN (49),1800,COLUMBUS,2,February,24,24,5,Thursday,2022,2,2:00am-2:59am,1,1,PENFIELD  RD,NA,6,Local Street - Municipality,2,Urban,7,Local,4,City or Municipal Highway Agency,0,This section IS NOT on the NHS,0,No Special Jurisdiction,0,None,39.93405556,39.93405556,-82.91376389,-82.91376389,33,Curb,0,The First Harmful Event was Not a Collision with a Motor Vehicle in Transport,0,No,1,Non-Junction,1,Not an Intersection,4,On Roadside,0,None,3,Dark - Lighted,1,Clear,0,No,0000000,Not Applicable,2,2:00am-2:59am,3,3,2,2:00am-2:59am,8,8,2,2:00am-2:59am,23,23,1
39,Ohio,390119,0,0,2,2,0,3,3,63,HANCOCK (63),0,NOT APPLICABLE,3,March,1,1,3,Tuesday,2022,20,8:00pm-8:59pm,55,55,SR-613,TR-236,3,State Highway,1,Rural,5,Major Collector,1,State Highway Agency,0,This section IS NOT on the NHS,0,No Special Jurisdiction,166,166,41.14666389,41.14666389,-83.59288611,-83.59288611,12,Motor Vehicle In-Transport,6,Angle,0,No,2,Intersection,2,Four-Way Intersection,1,On Roadway,0,None,2,Dark - Not Lighted,1,Clear,0,No,0000000,Not Applicable,21,9:00pm-9:59pm,7,7,21,9:00pm-9:59pm,42,42,22,10:00pm-10:59pm,17,17,1
39,Ohio,390120,0,0,3,3,0,5,5,49,FRANKLIN (49),3210,GROVEPORT,3,March,1,1,3,Tuesday,2022,19,7:00pm-7:59pm,33,33,CR-7 GROVEPORT RD,NA,4,County Road,2,Urban,4,Minor Arterial,2,County Highway Agency,0,This section IS NOT on the NHS,0,No Special Jurisdiction,0,None,39.84851389,39.84851389,-82.85912222,-82.85912222,12,Motor Vehicle In-Transport,1,Front-to-Rear,0,No,8,Driveway Access Related,1,Not an Intersection,1,On Roadway,0,None,2,Dark - Not Lighted,1,Clear,0,No,0000000,Not Applicable,19,7:00pm-7:59pm,38,38,19,7:00pm-7:59pm,41,41,20,8:00pm-8:59pm,3,3,1