STATE,STATENAME,ST_CASE,PEDS,PERNOTMVIT,VE_TOTAL,VE_FORMS,PVH_INVL,PERSONS,PERMVIT,COUNTY,COUNTYNAME,CITY,CITYNAME,MONTH,MONTHNAME,DAY,DAYNAME,DAY_WEEK,DAY_WEEKNAME,YEAR,HOUR,HOURNAME,MINUTE,MINUTENAME,TWAY_ID,TWAY_ID2,ROUTE,ROUTENAME,RUR_URB,RUR_URBNAME,FUNC_SYS,FUNC_SYSNAME,RD_OWNER,RD_OWNERNAME,NHS,NHSNAME,SP_JUR,SP_JURNAME,MILEPT,MILEPTNAME,LATITUDE,LATITUDENAME,LONGITUD,LONGITUDNAME,HARM_EV,HARM_EVNAME,MAN_COLL,MAN_COLLNAME,RELJCT1,RELJCT1NAME,RELJCT2,RELJCT2NAME,TYP_INT,TYP_INTNAME,REL_ROAD,REL_ROADNAME,WRK_ZONE,WRK_ZONENAME,LGT_COND,LGT_CONDNAME,WEATHER,WEATHERNAME,SCH_BUS,SCH_BUSNAME,RAIL,RAILNAME,NOT_HOUR,NOT_HOURNAME,NOT_MIN,NOT_MINNAME,ARR_HOUR,ARR_HOURNAME,ARR_MIN,ARR_MINNAME,HOSP_HR,HOSP_HRNAME,HOSP_MN,HOSP_MNNAME,FATALS
39,Ohio,390283,0,0,2,2,0,2,2,35,CUYAHOGA (35),1680,CLEVELAND,4,April,10,10,1,Sunday,2022,6,6:00am-6:59am,55,55,CR-390 78TH ST,CR-233 UNION AV,4,County Road,2,Urban,4,Minor Arterial,2,County Highway Agency,0,This section IS NOT on the NHS,0,No Special Jurisdiction,0,None,41.46343056,41.46343056,-81.63331389,-81.63331389,12,Motor Vehicle In-Transport,6,Angle,0,No,2,Intersection,2,Four-Way Intersection,1,On Roadway,0,None,4,Dawn,10,Cloudy,0,No,0000000,Not Applicable,7,7:00am-7:59am,3,3,7,7:00am-7:59am,9,9,7,7:00am-7:59am,27,27,1
39,Ohio,390284,0,0,2,2,0,1,1,85,LAKE (85),0,NOT APPLICABLE,4,April,22,22,6,Friday,2022,8,8:00am-8:59am,17,17,CR-117 PERRY PARK RD,NA,4,County Road,2,Urban,7,Local,2,County Highway Agency,0,This section IS NOT on the NHS,0,No Special Jurisdiction,0,None,41.78975833,41.78975833,-81.16386111,-81.16386111,12,Motor Vehicle In-Transport,7,Sideswipe - Same Direction,0,No,1,Non-Junction,1,Not an Intersection,1,On Roadway,0,None,1,Daylight,1,Clear,0,No,0000000,Not Applicable,8,8:00am-8:59am,17,17,8,8:00am-8:59am,24,24,8,8:00am-8:59am,51,51,1
39,Ohio,390285,0,0,1,1,0,1,1,35,CUYAHOGA (35),1050,BROOK PARK,4,April,23,23,7,Saturday,2022,18,6:00pm-6:59pm,57,57,I-71,NA,1,Interstate,2,Urban,1,Interstate,1,State Highway Agency,1,This section IS ON the NHS,0,No Special Jurisdiction,5,5,41.41985556,41.41985556,-81.81546944,-81.81546944,24,Guardrail Face,0,The First Harmful Event was Not a Collision with a Motor Vehicle in Transport,1,Yes,5,Entrance/Exit Ramp Related,1,Not an Intersection,4,On Roadside,0,None,1,Daylight,1,Clear,0,No,0000000,Not Applicable,18,6:00pm-6:59pm,58,58,19,7:00pm-7:59pm,3,3,19,7:00pm-7:59pm,32,32,1
39,Ohio,390286,0,0,2,2,0,5,5,49,FRANKLIN (49),1800,COLUMBUS,4,April,29,29,6,Friday,2022,21,9:00pm-9:59pm,17,17,SR-16 BROAD ST,Broad Pointe PL,3,State Highway,2,Urban,3,Principal Arterial - Other,1,State Highway Agency,1,This section IS ON the NHS,0,No Special Jurisdiction,98,98,39.98200278,39.98200278,-82.82056389,-82.82056389,12,Motor Vehicle In-Transport,6,Angle,0,No,2,Intersection,2,Four-Way Intersection,1,On Roadway,0,None,3,Dark - Lighted,1,Clear,0,No,0000000,Not Applicable,21,9:00pm-9:59pm,19,19,21,9:00pm-9:59pm,22,22,21,9:00pm-9:59pm,29,29,1
39,Ohio,390287,0,0,2,2,0,4,4,61,HAMILTON (61),1610,CINCINNATI,3,March,19,19,7,Saturday,2022,5,5:00am-5:59am,17,17,CR-142 NORTH BEND RD,NA,4,County Road,2,Urban,3,Principal Arterial - Other,2,County Highway Agency,0,This section IS NOT on the NHS,0,No Special Jurisdiction,0,None,39.19631111,39.19631111,-84.56611111,-84.56611111,12,Motor Vehicle In-Transport,2,Front-to-Front,0,No,1,Non-Junction,1,Not an Intersection,1,On Roadway,0,None,3,Dark - Lighted,10,Cloudy,0,No,0000000,Not Applicable,5,5:00am-5:59am,22,22,5,5:00am-5:59am,27,27,6,6:00am-6:59am,5,5,1
39,Ohio,390288,0,0,1,1,0,1,1,31,COSHOCTON (31),0,NOT APPLICABLE,4,April,28,28,5,Thursday,2022,14,2:00pm-2:59pm,27,27,SR-83,NA,3,State Highway,1,Rural,5,Major Collector,1,State Highway Agency,0,This section IS NOT on the NHS,0,No Special Jurisdiction,14,14,40.16388611,40.16388611,-81.81580556,-81.81580556,43,Other Fixed Object,0,The First Harmful Event was Not a Collision with a Motor Vehicle in Transport,0,No,1,Non-Junction,1,Not an Intersection,4,On Roadside,0,None,1,Daylight,10,Cloudy,0,No,0000000,Not Applicable,14,2:00pm-2:59pm,29,29,14,2:00pm-2:59pm,41,41,15,3:00pm-3:59pm,12,12,1
39,Ohio,390289,0,0,1,1,0,1,1,25,CLERMONT (25),0,NOT APPLICABLE,4,April,27,27,4,Wednesday,2022,13,1:00pm-1:59pm,32,32,CR-379 BUSINESS 28 RD,NA,4,County Road,2,Urban,5,Major Collector,2,County Highway Agency,0,This section IS NOT on the NHS,0,No Special Jurisdiction,0,None,39.19179444,39.19179444,-84.25099722,-84.25099722,33,Curb,0,The First Harmful Event was Not a Collision with a Motor Vehicle in Transport,0,No,8,Driveway Access Related,1,Not an Intersection,4,On Roadside,0,None,1,Daylight,1,Clear,0,No,0000000,Not Applicable,13,1:00pm-1:59pm,40,40,13,1:00pm-1:59pm,58,58,14,2:00pm-2:59pm,34,34,1
39,Ohio,390290,0,0,1,1,0,1,1,33,CRAWFORD (33),9997,Other,5,May,2,2,2,Monday,2022,11,11:00am-11:59am,3,3,CR-92 GALION NEW WINCHESTER RD,NA,4,County Road,1,Rural,7,Local,2,County Highway Agency,0,This section IS NOT on the NHS,0,No Special Jurisdiction,0,None,40.73379167,40.73379167,-82.85635,-82.85635,41,Shrubbery,0,The First Harmful Event was Not a Collision with a Motor Vehicle in Transport,0,No,1,Non-Junction,1,Not an Intersection,4,On Roadside,0,None,1,Daylight,10,Cloudy,0,No,0000000,Not Applicable,11,11:00am-11:59am,6,6,11,11:00am-11:59am,11,11,11,11:00am-11:59am,33,33,1
39,Ohio,390291,0,0,1,1,0,1,1,7,ASHTABULA (7),0,NOT APPLICABLE,4,April,26,26,3,Tuesday,2022,22,10:00pm-10:59pm,31,31,CR-226 DEPOT RD,NA,4,County Road,1,Rural,7,Local,2,County Highway Agency,0,This section IS NOT on the NHS,0,No Special Jurisdiction,0,None,41.82243333,41.82243333,-80.86872222,-80.86872222,59,Traffic Sign Support,0,The First Harmful Event was Not a Collision with a Motor Vehicle in Transport,0,No,1,Non-Junction,1,Not an Intersection,4,On Roadside,0,None,2,Dark - Not Lighted,10,Cloudy,0,No,0000000,Not Applicable,22,10:00pm-10:59pm,30,30,22,10:00pm-10:59pm,37,37,23,11:00pm-11:59pm,6,6,1
39,Ohio,390292,0,0,1,1,0,1,1,151,STARK (151),0,NOT APPLICABLE,4,April,24,24,1,Sunday,2022,14,2:00pm-2:59pm,30,30,US-30,NA,2,US Highway,2,Urban,2,Principal Arterial - Other Freeways and Expressways,1,State Highway Agency,1,This section IS ON the NHS,0,No Special Jurisdiction,122,122,40.77765278,40.77765278,-81.43415556,-81.43415556,43,Other Fixed Object,0,The First Harmful Event was Not a Collision with a Motor Vehicle in Transport,0,No,1,Non-Junction,1,Not an Intersection,4,On Roadside,0,None,1,Daylight,1,Clear,0,No,0000000,Not Applicable,14,2:00pm-2:59pm,38,38,14,2:00pm-2:59pm,43,43,88,Not Applicable (Not Transported),88,Not Applicable (Not Transported),1
39,Ohio,390293,0,0,2,2,0,2,2,83,KNOX (83),0,NOT APPLICABLE,4,April,24,24,1,Sunday,2022,19,7:00pm-7:59pm,49,49,US-36 COSHOCTON RD,NA,2,US Highway,1,Rural,4,Minor Arterial,1,State Highway Agency,0,This section IS NOT on the NHS,0,No Special Jurisdiction,213,213,40.41106111,40.41106111,-82.4242,-82.4242,1,Rollover/Overturn,0,The First Harmful Event was Not a Collision with a Motor Vehicle in Transport,0,No,1,Non-Junction,1,Not an Intersection,1,On Roadway,0,None,5,Dusk,1,Clear,0,No,0000000,Not Applicable,19,7:00pm-7:59pm,54,54,20,8:00pm-8:59pm,5,5,88,Not Applicable (Not Transported),88,Not Applicable (Not Transported),1
39,Ohio,390294,0,0,2,2,0,2,2,135,PREBLE (135),0,NOT APPLICABLE,4,April,13,13,4,Wednesday,2022,13,1:00pm-1:59pm,49,49,US-127,NA,2,US Highway,1,Rural,4,Minor Arterial,1,State Highway Agency,0,This section IS NOT on the NHS,0,No Special Jurisdiction,203,203,39.84411389,39.84411389,-84.62888611,-84.62888611,12,Motor Vehicle In-Transport,2,Front-to-Front,0,No,1,Non-Junction,1,Not an Intersection,1,On Roadway,0,None,1,Daylight,2,Rain,0,No,0000000,Not Applicable,13,1:00pm-1:59pm,47,47,14,2:00pm-2:59pm,0,0,14,2:00pm-2:59pm,38,38,1
39,Ohio,390295,0,0,2,2,0,2,2,169,WAYNE (169),0,NOT APPLICABLE,4,April,30,30,7,Saturday,2022,16,4:00pm-4:59pm,8,8,SR-57 WADSWORTH RD,CR-27 FULTON RD,3,State Highway,1,Rural,4,Minor Arterial,1,State Highway Agency,0,This section IS NOT on the NHS,0,No Special Jurisdiction,72,72,40.90220833,40.90220833,-81.76291667,-81.76291667,12,Motor Vehicle In-Transport,6,Angle,0,No,2,Intersection,2,Four-Way Intersection,1,On Roadway,0,None,1,Daylight,1,Clear,0,No,0000000,Not Applicable,16,4:00pm-4:59pm,13,13,16,4:00pm-4:59pm,20,20,88,Not Applicable (Not Transported),88,Not Applicable (Not Transported),1
39,Ohio,390296,0,0,2,2,0,3,3,133,PORTAGE (133),380,AURORA,4,April,29,29,6,Friday,2022,18,6:00pm-6:59pm,52,52,SR-82 TWINSBURG WARREN RD,NA,3,State Highway,2,Urban,4,Minor Arterial,1,State Highway Agency,0,This section IS NOT on the NHS,0,No Special Jurisdiction,9,9,41.31113889,41.31113889,-81.37358889,-81.37358889,12,Motor Vehicle In-Transport,1,Front-to-Rear,0,No,1,Non-Junction,1,Not an Intersection,1,On Roadway,0,None,1,Daylight,10,Cloudy,0,No,0000000,Not Applicable,18,6:00pm-6:59pm,54,54,18,6:00pm-6:59pm,58,58,19,7:00pm-7:59pm,22,22,2
39,Ohio,390297,1,1,1,1,0,1,1,115,MORGAN (115),0,NOT APPLICABLE,4,April,22,22,6,Friday,2022,5,5:00am-5:59am,15,15,SR-60,NA,3,State Highway,1,Rural,4,Minor Arterial,1,State Highway Agency,0,This section IS NOT on the NHS,0,No Special Jurisdiction,41,41,39.61445833,39.61445833,-81.74100833,-81.74100833,8,Pedestrian,0,The First Harmful Event was Not a Collision with a Motor Vehicle in Transport,0,No,1,Non-Junction,1,Not an Intersection,1,On Roadway,0,None,2,Dark - Not Lighted,5,"Fog, Smog, Smoke",0,No,0000000,Not Applicable,6,6:00am-6:59am,44,44,7,7:00am-7:59am,5,5,88,Not Applicable (Not Transported),88,Not Applicable (Not Transported),1
39,Ohio,390299,0,0,1,1,0,1,1,151,STARK (151),0,NOT APPLICABLE,4,April,13,13,4,Wednesday,2022,13,1:00pm-1:59pm,19,19,SR-183,NA,3,State Highway,1,Rural,4,Minor Arterial,1,State Highway Agency,0,This section IS NOT on the NHS,0,No Special Jurisdiction,112,112,40.813075,40.813075,-81.09740278,-81.09740278,42,Tree (Standing Only),0,The First Harmful Event was Not a Collision with a Motor Vehicle in Transport,0,No,1,Non-Junction,1,Not an Intersection,4,On Roadside,0,None,1,Daylight,1,Clear,0,No,0000000,Not Applicable,13,1:00pm-1:59pm,21,21,13,1:00pm-1:59pm,28,28,13,1:00pm-1:59pm,55,55,1
39,Ohio,390300,1,1,1,1,0,1,1,159,UNION (159),0,NOT APPLICABLE,5,May,2,2,2,Monday,2022,17,5:00pm-5:59pm,59,59,CR-73 MAPLE RIDGE  RD,NA,4,County Road,1,Rural,5,Major Collector,2,County Highway Agency,0,This section IS NOT on the NHS,0,No Special Jurisdiction,0,None,40.20457778,40.20457778,-83.44425,-83.44425,8,Pedestrian,0,The First Harmful Event was Not a Collision with a Motor Vehicle in Transport,0,No,1,Non-Junction,1,Not an Intersection,4,On Roadside,0,None,1,Daylight,1,Clear,0,No,0000000,Not Applicable,17,5:00pm-5:59pm,59,59,18,6:00pm-6:59pm,5,5,18,6:00pm-6:59pm,27,27,1
39,Ohio,390302,0,0,2,2,0,2,2,65,HARDIN (65),0,NOT APPLICABLE,5,May,2,2,2,Monday,2022,6,6:00am-6:59am,48,48,SR-67,NA,3,State Highway,1,Rural,5,Major Collector,1,State Highway Agency,0,This section IS NOT on the NHS,0,No Special Jurisdiction,102,102,40.60786111,40.60786111,-83.69888889,-83.69888889,34,Ditch,0,The First Harmful Event was Not a Collision with a Motor Vehicle in Transport,0,No,1,Non-Junction,1,Not an Intersection,4,On Roadside,0,None,2,Dark - Not Lighted,1,Clear,0,No,0000000,Not Applicable,6,6:00am-6:59am,51,51,6,6:00am-6:59am,59,59,88,Not Applicable (Not Transported),88,Not Applicable (Not Transported),1
39,Ohio,390303,0,0,2,2,0,3,3,61,HAMILTON (61),1610,CINCINNATI,4,April,30,30,7,Saturday,2022,2,2:00am-2:59am,24,24,I-71 NORTHEAST FWY,NA,1,Interstate,2,Urban,1,Interstate,1,State Highway Agency,1,This section IS ON the NHS,0,No Special Jurisdiction,26,26,39.11873611,39.11873611,-84.49955,-84.49955,12,Motor Vehicle In-Transport,2,Front-to-Front,1,Yes,18,Through Roadway,1,Not an Intersection,1,On Roadway,0,None,3,Dark - Lighted,2,Rain,0,No,0000000,Not Applicable,2,2:00am-2:59am,33,33,2,2:00am-2:59am,36,36,2,2:00am-2:59am,55,55,1
39,Ohio,390304,0,0,2,2,0,3,3,95,LUCAS (95),8120,TOLEDO,5,May,5,5,5,Thursday,2022,17,5:00pm-5:59pm,35,35,SR-184 ALEXIS RD,NA,3,State Highway,2,Urban,3,Principal Arterial - Other,1,State Highway Agency,0,This section IS NOT on the NHS,0,No Special Jurisdiction,49,49,41.72121111,41.72121111,-83.59721944,-83.59721944,12,Motor Vehicle In-Transport,2,Front-to-Front,0,No,1,Non-Junction,1,Not an Intersection,1,On Roadway,0,None,1,Daylight,2,Rain,0,No,0000000,Not Applicable,17,5:00pm-5:59pm,39,39,17,5:00pm-5:59pm,48,48,18,6:00pm-6:59pm,10,10,1
39,Ohio,390305,0,0,2,2,0,4,4,31,COSHOCTON (31),0,NOT APPLICABLE,4,April,24,24,1,Sunday,2022,14,2:00pm-2:59pm,37,37,SR-16,SR-83,3,State Highway,1,Rural,5,Major Collector,1,State Highway Agency,0,This section IS NOT on the NHS,0,No Special Jurisdiction,67,67,40.23594722,40.23594722,-81.87723333,-81.87723333,12,Motor Vehicle In-Transport,2,Front-to-Front,0,No,2,Intersection,3,T-Intersection,1,On Roadway,0,None,1,Daylight,10,Cloudy,0,No,0000000,Not Applicable,14,2:00pm-2:59pm,38,38,14,2:00pm-2:59pm,50,50,15,3:00pm-3:59pm,16,16,1
39,Ohio,390306,0,0,2,2,0,3,3,91,LOGAN (91),0,NOT APPLICABLE,4,April,29,29,6,Friday,2022,12,12:00pm-12:59pm,29,29,SR-47,SR-235,3,State Highway,1,Rural,5,Major Collector,1,State Highway Agency,0,This section IS NOT on the NHS,0,No Special Jurisdiction,81,81,40.35116944,40.35116944,-83.909,-83.909,12,Motor Vehicle In-Transport,6,Angle,0,No,2,Intersection,2,Four-Way Intersection,1,On Roadway,0,None,1,Daylight,1,Clear,0,No,0000000,Not Applicable,12,12:00pm-12:59pm,30,30,12,12:00pm-12:59pm,39,39,99,Unknown,99,Unknown EMS Hospital Arrival Time,1
39,Ohio,390307,1,1,1,1,0,1,1,49,FRANKLIN (49),1800,COLUMBUS,5,May,6,6,6,Friday,2022,10,10:00am-10:59am,13,13,US-33 LIVINGSTON AVE,WILSON AVE,2,US Highway,2,Urban,3,Principal Arterial - Other,1,State Highway Agency,0,This section IS NOT on the NHS,0,No Special Jurisdiction,190,190,39.94955,39.94955,-82.9673,-82.9673,8,Pedestrian,0,The First Harmful Event was Not a Collision with a Motor Vehicle in Transport,0,No,3,Intersection-Related,2,Four-Way Intersection,1,On Roadway,0,None,1,Daylight,1,Clear,0,No,0000000,Not Applicable,10,10:00am-10:59am,19,19,10,10:00am-10:59am,22,22,10,10:00am-10:59am,31,31,1
39,Ohio,390308,0,0,1,1,0,1,1,99,MAHONING (99),0,NOT APPLICABLE,4,April,27,27,4,Wednesday,2022,17,5:00pm-5:59pm,4,4,US-224 CENTER RD,NA,2,US Highway,2,Urban,3,Principal Arterial - Other,1,State Highway Agency,1,This section IS ON the NHS,0,No Special Jurisdiction,245,245,41.02397778,41.02397778,-80.53448611,-80.53448611,34,Ditch,0,The First Harmful Event was Not a Collision with a Motor Vehicle in Transport,0,No,1,Non-Junction,1,Not an Intersection,4,On Roadside,0,None,1,Daylight,10,Cloudy,0,No,0000000,Not Applicable,16,4:00pm-4:59pm,59,59,17,5:00pm-5:59pm,11,11,88,Not Applicable (Not Transported),88,Not Applicable (Not Transported),1
39,Ohio,390309,0,0,2,2,0,2,2,151,STARK (151),0,NOT APPLICABLE,4,April,23,23,7,Saturday,2022,21,9:00pm-9:59pm,55,55,SR-172,NA,3,State Highway,1,Rural,5,Major Collector,1,State Highway Agency,0,This section IS NOT on the NHS,0,No Special Jurisdiction,212,212,40.79466944,40.79466944,-81.25263611,-81.25263611,12,Motor Vehicle In-Transport,7,Sideswipe - Same Direction,0,No,1,Non-Junction,1,Not an Intersection,1,On Roadway,0,None,2,Dark - Not Lighted,10,Cloudy,0,No,0000000,Not Applicable,21,9:00pm-9:59pm,55,55,22,10:00pm-10:59pm,2,2,22,10:00pm-10:59pm,40,40,1
39,Ohio,390310,0,0,1,1,0,1,1,93,LORAIN (93),0,NOT APPLICABLE,5,May,2,2,2,Monday,2022,11,11:00am-11:59am,57,57,US-20,NA,2,US Highway,1,Rural,3,Principal Arterial - Other,1,State Highway Agency,1,This section IS ON the NHS,0,No Special Jurisdiction,25,25,41.25839167,41.25839167,-82.29341667,-82.29341667,42,Tree (Standing Only),0,The First Harmful Event was Not a Collision with a Motor Vehicle in Transport,0,No,1,Non-Junction,1,Not an Intersection,4,On Roadside,0,None,1,Daylight,10,Cloudy,0,No,0000000,Not Applicable,11,11:00am-11:59am,59,59,12,12:00pm-12:59pm,5,5,12,12:00pm-12:59pm,42,42,1
39,Ohio,390311,0,0,2,2,0,2,2,57,GREENE (57),0,NOT APPLICABLE,4,April,26,26,3,Tuesday,2022,19,7:00pm-7:59pm,20,20,CR-1 COLONEL GLENN HWY,NA,4,County Road,2,Urban,3,Principal Arterial - Other,2,County Highway Agency,1,This section IS ON the NHS,0,No Special Jurisdiction,0,None,39.77135833,39.77135833,-84.09404167,-84.09404167,24,Guardrail Face,0,The First Harmful Event was Not a Collision with a Motor Vehicle in Transport,0,No,1,Non-Junction,1,Not an Intersection,4,On Roadside,0,None,5,Dusk,1,Clear,0,No,0000000,Not Applicable,19,7:00pm-7:59pm,24,24,19,7:00pm-7:59pm,32,32,20,8:00pm-8:59pm,43,43,1
39,Ohio,390312,0,0,1,1,0,1,1,39,DEFIANCE (39),0,NOT APPLICABLE,4,April,30,30,7,Saturday,2022,5,5:00am-5:59am,35,35,SR-15,NA,3,State Highway,1,Rural,5,Major Collector,1,State Highway Agency,0,This section IS NOT on the NHS,0,No Special Jurisdiction,106,106,41.32260833,41.32260833,-84.41818333,-84.41818333,42,Tree (Standing Only),0,The First Harmful Event was Not a Collision with a Motor Vehicle in Transport,0,No,1,Non-Junction,1,Not an Intersection,4,On Roadside,0,None,2,Dark - Not Lighted,10,Cloudy,0,No,0000000,Not Applicable,5,5:00am-5:59am,46,46,5,5:00am-5:59am,49,49,88,Not Applicable (Not Transported),88,Not Applicable (Not Transported),1
39,Ohio,390313,0,0,1,1,0,1,1,33,CRAWFORD (33),0,NOT APPLICABLE,4,April,29,29,6,Friday,2022,17,5:00pm-5:59pm,46,46,SR-103,NA,3,State Highway,1,Rural,5,Major Collector,1,State Highway Agency,0,This section IS NOT on the NHS,0,No Special Jurisdiction,150,150,40.96061944,40.96061944,-82.84090278,-82.84090278,59,Traffic Sign Support,0,The First Harmful Event was Not a Collision with a Motor Vehicle in Transport,0,No,1,Non-Junction,1,Not an Intersection,4,On Roadside,0,None,1,Daylight,10,Cloudy,0,No,0000000,Not Applicable,17,5:00pm-5:59pm,48,48,17,5:00pm-5:59pm,52,52,88,Not Applicable (Not Transported),88,Not Applicable (Not Transported),1
39,Ohio,390314,0,0,2,2,0,2,2,45,FAIRFIELD (45),0,NOT APPLICABLE,5,May,2,2,2,Monday,2022,14,2:00pm-2:59pm,3,3,SR-37 LANCASTER-NEWARK RD,CR-11 CANAL RD,3,State Highway,1,Rural,4,Minor Arterial,1,State Highway Agency,0,This section IS NOT on the NHS,0,No Special Jurisdiction,50,50,39.86024722,39.86024722,-82.56624722,-82.56624722,12,Motor Vehicle In-Transport,6,Angle,0,No,2,Intersection,2,Four-Way Intersection,1,On Roadway,0,None,1,Daylight,1,Clear,0,No,0000000,Not Applicable,14,2:00pm-2:59pm,4,4,14,2:00pm-2:59pm,10,10,14,2:00pm-2:59pm,55,55,1
39,Ohio,390315,0,0,1,1,0,1,1,159,UNION (159),0,NOT APPLICABLE,4,April,30,30,7,Saturday,2022,18,6:00pm-6:59pm,11,11,CR-1 INDUSTRIAL  PK,TR-501A DUBLIN GREEN RD,4,County Road,2,Urban,5,Major Collector,2,County Highway Agency,0,This section IS NOT on the NHS,0,No Special Jurisdiction,0,None,40.11124167,40.11124167,-83.18688889,-83.18688889,33,Curb,0,The First Harmful Event was Not a Collision with a Motor Vehicle in Transport,0,No,3,Intersection-Related,6,Roundabout,4,On Roadside,0,None,1,Daylight,1,Clear,0,No,0000000,Not Applicable,18,6:00pm-6:59pm,12,12,18,6:00pm-6:59pm,18,18,88,Not Applicable (Not Transported),88,Not Applicable (Not Transported),1
39,Ohio,390316,0,0,1,1,0,1,1,113,MONTGOMERY (113),2090,DAYTON,5,May,5,5,5,Thursday,2022,22,10:00pm-10:59pm,9,9,I-75,NA,1,Interstate,2,Urban,1,Interstate,1,State Highway Agency,1,This section IS ON the NHS,0,No Special Jurisdiction,109,109,39.74225833,39.74225833,-84.20491667,-84.20491667,18,Other Object (not fixed),0,The First Harmful Event was Not a Collision with a Motor Vehicle in Transport,1,Yes,19,Other location within Interchange Area,1,Not an Intersection,4,On Roadside,0,None,3,Dark - Lighted,2,Rain,0,No,0000000,Not Applicable,22,10:00pm-10:59pm,18,18,22,10:00pm-10:59pm,20,20,22,10:00pm-10:59pm,42,42,1
39,Ohio,390317,0,0,1,1,0,1,1,81,JEFFERSON (81),0,NOT APPLICABLE,4,April,23,23,7,Saturday,2022,22,10:00pm-10:59pm,45,45,TR-247 SMITH RD,NA,5,Local Street - Township,1,Rural,7,Local,3,Town or Township Highway Agency,0,This section IS NOT on the NHS,0,No Special Jurisdiction,0,None,40.49736667,40.49736667,-80.65356667,-80.65356667,1,Rollover/Overturn,0,The First Harmful Event was Not a Collision with a Motor Vehicle in Transport,0,No,1,Non-Junction,1,Not an Intersection,1,On Roadway,0,None,2,Dark - Not Lighted,1,Clear,0,No,0000000,Not Applicable,22,10:00pm-10:59pm,58,58,23,11:00pm-11:59pm,8,8,23,11:00pm-11:59pm,37,37,1
39,Ohio,390318,0,0,2,2,0,5,5,35,CUYAHOGA (35),1680,CLEVELAND,4,April,17,17,1,Sunday,2022,2,2:00am-2:59am,55,55,CR-722 CARNEGIE AVE,CR-390 79TH ST,4,County Road,2,Urban,3,Principal Arterial - Other,2,County Highway Agency,0,This section IS NOT on the NHS,0,No Special Jurisdiction,0,None,41.50145,41.50145,-81.6335,-81.6335,12,Motor Vehicle In-Transport,6,Angle,0,No,2,Intersection,2,Four-Way Intersection,1,On Roadway,0,None,3,Dark - Lighted,10,Cloudy,0,No,0000000,Not Applicable,2,2:00am-2:59am,51,51,2,2:00am-2:59am,57,57,3,3:00am-3:59am,28,28,1
39,Ohio,390319,0,0,1,1,0,1,1,35,CUYAHOGA (35),1680,CLEVELAND,4,April,11,11,2,Monday,2022,17,5:00pm-5:59pm,10,10,I-77,NA,1,Interstate,2,Urban,1,Interstate,1,State Highway Agency,1,This section IS ON the NHS,0,No Special Jurisdiction,2,2,41.4796,41.4796,-81.66443611,-81.66443611,21,Bridge Pier or Support,0,The First Harmful Event was Not a Collision with a Motor Vehicle in Transport,1,Yes,5,Entrance/Exit Ramp Related,1,Not an Intersection,4,On Roadside,0,None,1,Daylight,2,Rain,0,No,0000000,Not Applicable,17,5:00pm-5:59pm,17,17,17,5:00pm-5:59pm,22,22,88,Not Applicable (Not Transported),88,Not Applicable (Not Transported),1
39,Ohio,390320,1,1,2,2,0,2,2,35,CUYAHOGA (35),1680,CLEVELAND,4,April,10,10,1,Sunday,2022,2,2:00am-2:59am,25,25,US-6 SUPERIOR AVE,NA,2,US Highway,2,Urban,3,Principal Arterial - Other,1,State Highway Agency,1,This section IS ON the NHS,0,No Special Jurisdiction,200,200,41.52201111,41.52201111,-81.61250278,-81.61250278,12,Motor Vehicle In-Transport,7,Sideswipe - Same Direction,0,No,1,Non-Junction,1,Not an Intersection,1,On Roadway,0,None,3,Dark - Lighted,10,Cloudy,0,No,0000000,Not Applicable,2,2:00am-2:59am,25,25,2,2:00am-2:59am,30,30,88,Not Applicable (Not Transported),88,Not Applicable (Not Transported),1
39,Ohio,390321,1,1,1,1,0,2,2,35,CUYAHOGA (35),1680,CLEVELAND,4,April,9,9,7,Saturday,2022,22,10:00pm-10:59pm,40,40,I-90 NORTHWEST FWY,NA,1,Interstate,2,Urban,1,Interstate,1,State Highway Agency,1,This section IS ON the NHS,0,No Special Jurisdiction,117,117,41.47008611,41.47008611,-81.74833889,-81.74833889,8,Pedestrian,0,The First Harmful Event was Not a Collision with a Motor Vehicle in Transport,0,No,1,Non-Junction,1,Not an Intersection,1,On Roadway,0,None,3,Dark - Lighted,10,Cloudy,0,No,0000000,Not Applicable,22,10:00pm-10:59pm,41,41,22,10:00pm-10:59pm,46,46,88,Not Applicable (Not Transported),88,Not Applicable (Not Transported),1
39,Ohio,390322,0,0,2,2,0,2,2,107,MERCER (107),0,NOT APPLICABLE,4,April,25,25,2,Monday,2022,16,4:00pm-4:59pm,21,21,CR-30B FORT RECOVERY MINSTER,NA,4,County Road,1,Rural,7,Local,2,County Highway Agency,0,This section IS NOT on the NHS,0,No Special Jurisdiction,0,None,40.39319444,40.39319444,-84.51055833,-84.51055833,12,Motor Vehicle In-Transport,7,Sideswipe - Same Direction,0,No,8,Driveway Access Related,1,Not an Intersection,1,On Roadway,0,None,1,Daylight,1,Clear,0,No,0000000,Not Applicable,16,4:00pm-4:59pm,26,26,16,4:00pm-4:59pm,37,37,16,4:00pm-4:59pm,57,57,1