STATE,STATENAME,ST_CASE,PEDS,PERNOTMVIT,VE_TOTAL,VE_FORMS,PVH_INVL,PERSONS,PERMVIT,COUNTY,COUNTYNAME,CITY,CITYNAME,MONTH,MONTHNAME,DAY,DAYNAME,DAY_WEEK,DAY_WEEKNAME,YEAR,HOUR,HOURNAME,MINUTE,MINUTENAME,TWAY_ID,TWAY_ID2,ROUTE,ROUTENAME,RUR_URB,RUR_URBNAME,FUNC_SYS,FUNC_SYSNAME,RD_OWNER,RD_OWNERNAME,NHS,NHSNAME,SP_JUR,SP_JURNAME,MILEPT,MILEPTNAME,LATITUDE,LATITUDENAME,LONGITUD,LONGITUDNAME,HARM_EV,HARM_EVNAME,MAN_COLL,MAN_COLLNAME,RELJCT1,RELJCT1NAME,RELJCT2,RELJCT2NAME,TYP_INT,TYP_INTNAME,REL_ROAD,REL_ROADNAME,WRK_ZONE,WRK_ZONENAME,LGT_COND,LGT_CONDNAME,WEATHER,WEATHERNAME,SCH_BUS,SCH_BUSNAME,RAIL,RAILNAME,NOT_HOUR,NOT_HOURNAME,NOT_MIN,NOT_MINNAME,ARR_HOUR,ARR_HOURNAME,ARR_MIN,ARR_MINNAME,HOSP_HR,HOSP_HRNAME,HOSP_MN,HOSP_MNNAME,FATALS
39,Ohio,390323,0,0,2,2,0,2,2,49,FRANKLIN (49),1800,COLUMBUS,5,May,9,9,2,Monday,2022,18,6:00pm-6:59pm,5,5,US-40 MAIN ST,Hampton RD,2,US Highway,2,Urban,3,Principal Arterial - Other,1,State Highway Agency,0,This section IS NOT on the NHS,0,No Special Jurisdiction,182,182,39.95645278,39.95645278,-82.91067222,-82.91067222,12,Motor Vehicle In-Transport,6,Angle,0,No,2,Intersection,2,Four-Way Intersection,1,On Roadway,0,None,1,Daylight,1,Clear,0,No,0000000,Not Applicable,18,6:00pm-6:59pm,2,2,18,6:00pm-6:59pm,2,2,18,6:00pm-6:59pm,9,9,1
39,Ohio,390324,0,0,2,2,0,2,2,99,MAHONING (99),9230,YOUNGSTOWN,4,April,25,25,2,Monday,2022,10,10:00am-10:59am,42,42,CR-529 SHIRLEY RD,CR-530 COOPER ST,4,County Road,2,Urban,5,Major Collector,2,County Highway Agency,0,This section IS NOT on the NHS,0,No Special Jurisdiction,0,None,41.07217222,41.07217222,-80.62644444,-80.62644444,12,Motor Vehicle In-Transport,6,Angle,0,No,2,Intersection,3,T-Intersection,1,On Roadway,0,None,1,Daylight,1,Clear,0,No,0000000,Not Applicable,10,10:00am-10:59am,48,48,10,10:00am-10:59am,52,52,11,11:00am-11:59am,22,22,1
39,Ohio,390325,1,1,1,1,0,2,2,49,FRANKLIN (49),1800,COLUMBUS,4,April,20,20,4,Wednesday,2022,2,2:00am-2:59am,41,41,CR-17 MORSE RD,Walford ST,4,County Road,2,Urban,3,Principal Arterial - Other,2,County Highway Agency,0,This section IS NOT on the NHS,0,No Special Jurisdiction,0,None,40.05993056,40.05993056,-82.96158611,-82.96158611,8,Pedestrian,0,The First Harmful Event was Not a Collision with a Motor Vehicle in Transport,0,No,3,Intersection-Related,2,Four-Way Intersection,1,On Roadway,0,None,3,Dark - Lighted,1,Clear,0,No,0000000,Not Applicable,2,2:00am-2:59am,43,43,2,2:00am-2:59am,46,46,88,Not Applicable (Not Transported),88,Not Applicable (Not Transported),1
39,Ohio,390326,0,0,2,2,0,6,6,61,HAMILTON (61),1610,CINCINNATI,5,May,7,7,7,Saturday,2022,20,8:00pm-8:59pm,21,21,CR-731 5TH ST,CR-665 SYCAMORE ST,4,County Road,2,Urban,3,Principal Arterial - Other,2,County Highway Agency,0,This section IS NOT on the NHS,0,No Special Jurisdiction,0,None,39.10191111,39.10191111,-84.50810278,-84.50810278,12,Motor Vehicle In-Transport,6,Angle,0,No,2,Intersection,2,Four-Way Intersection,1,On Roadway,0,None,5,Dusk,10,Cloudy,0,No,0000000,Not Applicable,20,8:00pm-8:59pm,22,22,20,8:00pm-8:59pm,26,26,20,8:00pm-8:59pm,43,43,1
39,Ohio,390327,0,0,4,4,0,7,7,93,LORAIN (93),4360,LORAIN,5,May,10,10,3,Tuesday,2022,19,7:00pm-7:59pm,24,24,SR-57 GROVE AV,CR-615 HOMEWOOD DR,3,State Highway,2,Urban,4,Minor Arterial,1,State Highway Agency,0,This section IS NOT on the NHS,0,No Special Jurisdiction,225,225,41.43599167,41.43599167,-82.11953611,-82.11953611,12,Motor Vehicle In-Transport,6,Angle,0,No,2,Intersection,2,Four-Way Intersection,1,On Roadway,0,None,1,Daylight,1,Clear,0,No,0000000,Not Applicable,19,7:00pm-7:59pm,33,33,19,7:00pm-7:59pm,40,40,20,8:00pm-8:59pm,14,14,1
39,Ohio,390328,2,2,2,2,0,2,2,23,CLARK (23),0,NOT APPLICABLE,5,May,1,1,1,Sunday,2022,21,9:00pm-9:59pm,9,9,I-70,NA,1,Interstate,2,Urban,1,Interstate,1,State Highway Agency,1,This section IS ON the NHS,0,No Special Jurisdiction,134,134,39.891625,39.891625,-83.80828889,-83.80828889,8,Pedestrian,0,The First Harmful Event was Not a Collision with a Motor Vehicle in Transport,0,No,1,Non-Junction,1,Not an Intersection,1,On Roadway,0,None,2,Dark - Not Lighted,1,Clear,0,No,0000000,Not Applicable,21,9:00pm-9:59pm,12,12,21,9:00pm-9:59pm,21,21,21,9:00pm-9:59pm,46,46,1
39,Ohio,390329,0,0,2,2,0,3,3,57,GREENE (57),0,NOT APPLICABLE,4,April,29,29,6,Friday,2022,15,3:00pm-3:59pm,15,15,CR-39 JASPER  RD,TR-226 COOPER LA,4,County Road,1,Rural,5,Major Collector,2,County Highway Agency,0,This section IS NOT on the NHS,0,No Special Jurisdiction,0,None,39.66726667,39.66726667,-83.85541944,-83.85541944,12,Motor Vehicle In-Transport,6,Angle,0,No,2,Intersection,3,T-Intersection,1,On Roadway,0,None,1,Daylight,1,Clear,0,No,0000000,Not Applicable,15,3:00pm-3:59pm,15,15,15,3:00pm-3:59pm,20,20,16,4:00pm-4:59pm,4,4,2
39,Ohio,390330,0,0,1,1,0,2,2,61,HAMILTON (61),3160,GREENHILLS,4,April,30,30,7,Saturday,2022,3,3:00am-3:59am,47,47,CR-239 WINTON RD,NA,5,Local Street - Township,2,Urban,4,Minor Arterial,2,County Highway Agency,0,This section IS NOT on the NHS,0,No Special Jurisdiction,0,None,39.26438611,39.26438611,-84.52311389,-84.52311389,40,Fire Hydrant,0,The First Harmful Event was Not a Collision with a Motor Vehicle in Transport,0,No,1,Non-Junction,1,Not an Intersection,4,On Roadside,0,None,3,Dark - Lighted,10,Cloudy,0,No,0000000,Not Applicable,4,4:00am-4:59am,3,3,4,4:00am-4:59am,9,9,4,4:00am-4:59am,38,38,1
39,Ohio,390331,0,0,1,1,0,2,2,157,TUSCARAWAS (157),0,NOT APPLICABLE,4,April,27,27,4,Wednesday,2022,16,4:00pm-4:59pm,34,34,TR-425 RACE RD,NA,5,Local Street - Township,1,Rural,7,Local,3,Town or Township Highway Agency,0,This section IS NOT on the NHS,0,No Special Jurisdiction,0,None,40.5543,40.5543,-81.55013889,-81.55013889,34,Ditch,0,The First Harmful Event was Not a Collision with a Motor Vehicle in Transport,0,No,1,Non-Junction,1,Not an Intersection,4,On Roadside,0,None,1,Daylight,1,Clear,0,No,0000000,Not Applicable,16,4:00pm-4:59pm,37,37,16,4:00pm-4:59pm,45,45,17,5:00pm-5:59pm,9,9,1
39,Ohio,390332,0,0,3,3,0,3,3,163,VINTON (163),0,NOT APPLICABLE,5,May,3,3,3,Tuesday,2022,8,8:00am-8:59am,55,55,SR-93,NA,3,State Highway,1,Rural,4,Minor Arterial,1,State Highway Agency,0,This section IS NOT on the NHS,0,No Special Jurisdiction,108,108,39.28336389,39.28336389,-82.46795833,-82.46795833,12,Motor Vehicle In-Transport,6,Angle,0,No,1,Non-Junction,1,Not an Intersection,1,On Roadway,0,None,1,Daylight,2,Rain,0,No,0000000,Not Applicable,8,8:00am-8:59am,56,56,8,8:00am-8:59am,58,58,9,9:00am-9:59am,40,40,1
39,Ohio,390333,0,0,2,2,0,2,2,167,WASHINGTON (167),0,NOT APPLICABLE,5,May,2,2,2,Monday,2022,16,4:00pm-4:59pm,22,22,SR-339,NA,3,State Highway,1,Rural,4,Minor Arterial,1,State Highway Agency,0,This section IS NOT on the NHS,0,No Special Jurisdiction,176,176,39.51341111,39.51341111,-81.656175,-81.656175,12,Motor Vehicle In-Transport,2,Front-to-Front,0,No,1,Non-Junction,1,Not an Intersection,1,On Roadway,0,None,1,Daylight,1,Clear,0,No,0000000,Not Applicable,16,4:00pm-4:59pm,34,34,16,4:00pm-4:59pm,55,55,18,6:00pm-6:59pm,4,4,1
39,Ohio,390334,0,0,2,2,0,2,2,15,BROWN (15),0,NOT APPLICABLE,5,May,4,4,4,Wednesday,2022,19,7:00pm-7:59pm,16,16,CR-55 GREENBUSH WEST RD,TR-6 BARDWELL WEST RD,4,County Road,1,Rural,5,Major Collector,2,County Highway Agency,0,This section IS NOT on the NHS,0,No Special Jurisdiction,0,None,39.07130556,39.07130556,-84.01126389,-84.01126389,12,Motor Vehicle In-Transport,6,Angle,0,No,2,Intersection,3,T-Intersection,1,On Roadway,0,None,1,Daylight,10,Cloudy,0,No,0000000,Not Applicable,19,7:00pm-7:59pm,17,17,19,7:00pm-7:59pm,31,31,88,Not Applicable (Not Transported),88,Not Applicable (Not Transported),1
39,Ohio,390335,0,0,2,2,0,2,2,51,FULTON (51),0,NOT APPLICABLE,4,April,29,29,6,Friday,2022,2,2:00am-2:59am,42,42,US-20A,SR-109,2,US Highway,1,Rural,4,Minor Arterial,1,State Highway Agency,0,This section IS NOT on the NHS,0,No Special Jurisdiction,180,180,41.57353889,41.57353889,-84.037575,-84.037575,12,Motor Vehicle In-Transport,6,Angle,0,No,2,Intersection,2,Four-Way Intersection,1,On Roadway,0,None,2,Dark - Not Lighted,10,Cloudy,0,No,0000000,Not Applicable,2,2:00am-2:59am,35,35,2,2:00am-2:59am,41,41,88,Not Applicable (Not Transported),88,Not Applicable (Not Transported),1
39,Ohio,390336,0,0,1,1,0,2,2,117,MORROW (117),0,NOT APPLICABLE,5,May,4,4,4,Wednesday,2022,18,6:00pm-6:59pm,16,16,TR-143,NA,5,Local Street - Township,1,Rural,7,Local,3,Town or Township Highway Agency,0,This section IS NOT on the NHS,0,No Special Jurisdiction,0,None,40.5164,40.5164,-82.88015833,-82.88015833,19,Building,0,The First Harmful Event was Not a Collision with a Motor Vehicle in Transport,0,No,1,Non-Junction,1,Not an Intersection,4,On Roadside,0,None,1,Daylight,10,Cloudy,0,No,0000000,Not Applicable,18,6:00pm-6:59pm,14,14,19,7:00pm-7:59pm,57,57,20,8:00pm-8:59pm,56,56,2
39,Ohio,390337,0,0,2,2,0,2,2,153,SUMMIT (153),3139,GREEN,3,March,5,5,7,Saturday,2022,16,4:00pm-4:59pm,50,50,TR-394 JARVIS RD,NA,5,Local Street - Township,2,Urban,7,Local,3,Town or Township Highway Agency,0,This section IS NOT on the NHS,0,No Special Jurisdiction,0,None,40.98858056,40.98858056,-81.49772778,-81.49772778,12,Motor Vehicle In-Transport,6,Angle,0,No,8,Driveway Access Related,1,Not an Intersection,1,On Roadway,0,None,1,Daylight,1,Clear,0,No,0000000,Not Applicable,16,4:00pm-4:59pm,54,54,16,4:00pm-4:59pm,59,59,17,5:00pm-5:59pm,24,24,1
39,Ohio,390338,0,0,1,1,0,1,1,153,SUMMIT (153),70,AKRON,4,April,19,19,3,Tuesday,2022,23,11:00pm-11:59pm,55,55,CR-27 CUYAHOGA ST,NA,4,County Road,2,Urban,5,Major Collector,2,County Highway Agency,0,This section IS NOT on the NHS,0,No Special Jurisdiction,0,None,41.13208889,41.13208889,-81.52694167,-81.52694167,43,Other Fixed Object,0,The First Harmful Event was Not a Collision with a Motor Vehicle in Transport,0,No,1,Non-Junction,1,Not an Intersection,4,On Roadside,0,None,3,Dark - Lighted,1,Clear,0,No,0000000,Not Applicable,23,11:00pm-11:59pm,56,56,0,0:00am-0:59am,2,2,0,0:00am-0:59am,37,37,1
39,Ohio,390339,0,0,2,2,0,2,2,85,LAKE (85),4920,MENTOR,5,May,9,9,2,Monday,2022,13,1:00pm-1:59pm,17,17,SR-615 CENTER ST,STATION ST,3,State Highway,2,Urban,3,Principal Arterial - Other,1,State Highway Agency,1,This section IS ON the NHS,0,No Special Jurisdiction,36,36,41.674975,41.674975,-81.33976667,-81.33976667,12,Motor Vehicle In-Transport,6,Angle,0,No,2,Intersection,2,Four-Way Intersection,1,On Roadway,0,None,1,Daylight,1,Clear,0,No,0000000,Not Applicable,13,1:00pm-1:59pm,18,18,13,1:00pm-1:59pm,21,21,13,1:00pm-1:59pm,36,36,1
39,Ohio,390340,1,1,1,1,0,1,1,49,FRANKLIN (49),2270,DUBLIN,5,May,4,4,4,Wednesday,2022,7,7:00am-7:59am,6,6,CR-3 AVERY RD,CORPORATE DR,4,County Road,2,Urban,3,Principal Arterial - Other,2,County Highway Agency,0,This section IS NOT on the NHS,0,No Special Jurisdiction,0,None,40.08225,40.08225,-83.15836111,-83.15836111,8,Pedestrian,0,The First Harmful Event was Not a Collision with a Motor Vehicle in Transport,0,No,3,Intersection-Related,2,Four-Way Intersection,1,On Roadway,0,None,1,Daylight,10,Cloudy,0,No,0000000,Not Applicable,7,7:00am-7:59am,7,7,7,7:00am-7:59am,13,13,7,7:00am-7:59am,36,36,1
39,Ohio,390341,1,1,1,1,0,1,1,35,CUYAHOGA (35),1680,CLEVELAND,4,April,24,24,1,Sunday,2022,20,8:00pm-8:59pm,49,49,BOHN RD,NA,6,Local Street - Municipality,2,Urban,7,Local,4,City or Municipal Highway Agency,0,This section IS NOT on the NHS,0,No Special Jurisdiction,0,None,41.49463333,41.49463333,-81.65624722,-81.65624722,8,Pedestrian,0,The First Harmful Event was Not a Collision with a Motor Vehicle in Transport,0,No,1,Non-Junction,1,Not an Intersection,1,On Roadway,0,None,3,Dark - Lighted,1,Clear,0,No,0000000,Not Applicable,20,8:00pm-8:59pm,53,53,20,8:00pm-8:59pm,57,57,21,9:00pm-9:59pm,15,15,1
39,Ohio,390342,0,0,2,2,0,2,2,49,FRANKLIN (49),1800,COLUMBUS,5,May,12,12,5,Thursday,2022,7,7:00am-7:59am,12,12,CR-75 CLEVELAND AVE,OAKLAND PARK AVE,4,County Road,2,Urban,3,Principal Arterial - Other,2,County Highway Agency,1,This section IS ON the NHS,0,No Special Jurisdiction,0,None,40.03131111,40.03131111,-82.96403056,-82.96403056,12,Motor Vehicle In-Transport,6,Angle,0,No,2,Intersection,2,Four-Way Intersection,1,On Roadway,0,None,1,Daylight,1,Clear,0,No,0000000,Not Applicable,7,7:00am-7:59am,14,14,7,7:00am-7:59am,15,15,7,7:00am-7:59am,37,37,1
39,Ohio,390343,0,0,1,1,0,1,1,107,MERCER (107),0,NOT APPLICABLE,5,May,8,8,1,Sunday,2022,8,8:00am-8:59am,12,12,CR-219A,NA,4,County Road,1,Rural,6,Minor Collector,2,County Highway Agency,0,This section IS NOT on the NHS,0,No Special Jurisdiction,0,None,40.48759444,40.48759444,-84.459825,-84.459825,1,Rollover/Overturn,0,The First Harmful Event was Not a Collision with a Motor Vehicle in Transport,0,No,1,Non-Junction,1,Not an Intersection,4,On Roadside,0,None,2,Dark - Not Lighted,1,Clear,0,No,0000000,Not Applicable,8,8:00am-8:59am,18,18,8,8:00am-8:59am,32,32,88,Not Applicable (Not Transported),88,Not Applicable (Not Transported),1
39,Ohio,390344,0,0,3,3,0,3,3,35,CUYAHOGA (35),6360,PARMA HEIGHTS,5,May,6,6,6,Friday,2022,17,5:00pm-5:59pm,37,37,SR-94 STATE RD,DENTZLER RD RD,3,State Highway,2,Urban,4,Minor Arterial,1,State Highway Agency,0,This section IS NOT on the NHS,0,No Special Jurisdiction,67,67,41.37081389,41.37081389,-81.71519167,-81.71519167,12,Motor Vehicle In-Transport,2,Front-to-Front,0,No,3,Intersection-Related,3,T-Intersection,1,On Roadway,0,None,1,Daylight,2,Rain,0,No,0000000,Not Applicable,17,5:00pm-5:59pm,42,42,17,5:00pm-5:59pm,47,47,18,6:00pm-6:59pm,8,8,1
39,Ohio,390345,0,0,2,2,0,2,2,133,PORTAGE (133),0,NOT APPLICABLE,5,May,11,11,4,Wednesday,2022,16,4:00pm-4:59pm,40,40,SR-303,NA,3,State Highway,1,Rural,5,Major Collector,1,State Highway Agency,0,This section IS NOT on the NHS,0,No Special Jurisdiction,155,155,41.234925,41.234925,-81.10110278,-81.10110278,12,Motor Vehicle In-Transport,2,Front-to-Front,0,No,1,Non-Junction,1,Not an Intersection,1,On Roadway,0,None,1,Daylight,1,Clear,0,No,0000000,Not Applicable,16,4:00pm-4:59pm,45,45,16,4:00pm-4:59pm,46,46,17,5:00pm-5:59pm,37,37,1
39,Ohio,390346,0,0,1,1,0,1,1,25,CLERMONT (25),0,NOT APPLICABLE,5,May,14,14,7,Saturday,2022,3,3:00am-3:59am,26,26,SR-232 BETHEL NEW RICHMOND RD,NA,3,State Highway,1,Rural,5,Major Collector,1,State Highway Agency,0,This section IS NOT on the NHS,0,No Special Jurisdiction,102,102,38.96108056,38.96108056,-84.10992222,-84.10992222,43,Other Fixed Object,0,The First Harmful Event was Not a Collision with a Motor Vehicle in Transport,0,No,1,Non-Junction,1,Not an Intersection,4,On Roadside,0,None,2,Dark - Not Lighted,1,Clear,0,No,0000000,Not Applicable,3,3:00am-3:59am,26,26,3,3:00am-3:59am,32,32,88,Not Applicable (Not Transported),88,Not Applicable (Not Transported),1
39,Ohio,390347,0,0,1,1,0,2,2,25,CLERMONT (25),0,NOT APPLICABLE,5,May,8,8,1,Sunday,2022,19,7:00pm-7:59pm,55,55,US-50,NA,2,US Highway,2,Urban,4,Minor Arterial,1,State Highway Agency,0,This section IS NOT on the NHS,0,No Special Jurisdiction,27,27,39.16258056,39.16258056,-84.25646667,-84.25646667,59,Traffic Sign Support,0,The First Harmful Event was Not a Collision with a Motor Vehicle in Transport,0,No,1,Non-Junction,1,Not an Intersection,4,On Roadside,0,None,1,Daylight,1,Clear,0,No,0000000,Not Applicable,19,7:00pm-7:59pm,55,55,20,8:00pm-8:59pm,20,20,88,Not Applicable (Not Transported),88,Not Applicable (Not Transported),1
39,Ohio,390348,1,1,1,1,0,1,1,89,LICKING (89),0,NOT APPLICABLE,5,May,8,8,1,Sunday,2022,5,5:00am-5:59am,18,18,SR-13 JACKSONTOWN RD,CR-310  HIRST RD,3,State Highway,1,Rural,4,Minor Arterial,1,State Highway Agency,0,This section IS NOT on the NHS,0,No Special Jurisdiction,50,50,39.99328889,39.99328889,-82.40566111,-82.40566111,8,Pedestrian,0,The First Harmful Event was Not a Collision with a Motor Vehicle in Transport,0,No,3,Intersection-Related,3,T-Intersection,1,On Roadway,0,None,2,Dark - Not Lighted,10,Cloudy,0,No,0000000,Not Applicable,8,8:00am-8:59am,52,52,9,9:00am-9:59am,4,4,88,Not Applicable (Not Transported),88,Not Applicable (Not Transported),1
39,Ohio,390349,0,0,2,2,0,3,3,165,WARREN (165),0,NOT APPLICABLE,5,May,4,4,4,Wednesday,2022,11,11:00am-11:59am,1,1,SR-63,SR-741,3,State Highway,2,Urban,4,Minor Arterial,1,State Highway Agency,0,This section IS NOT on the NHS,0,No Special Jurisdiction,31,31,39.43795556,39.43795556,-84.27948611,-84.27948611,12,Motor Vehicle In-Transport,6,Angle,0,No,2,Intersection,2,Four-Way Intersection,1,On Roadway,0,None,1,Daylight,1,Clear,0,No,0000000,Not Applicable,11,11:00am-11:59am,4,4,11,11:00am-11:59am,10,10,11,11:00am-11:59am,32,32,1
39,Ohio,390350,0,0,1,1,0,2,2,27,CLINTON (27),0,NOT APPLICABLE,5,May,7,7,7,Saturday,2022,0,0:00am-0:59am,2,2,STATE PARK  DR,NA,8,Other,6,Trafficway Not in State Inventory,96,Trafficway Not in State Inventory,96,Trafficway Not in State Inventory,0,This section IS NOT on the NHS,0,No Special Jurisdiction,0,None,39.38941667,39.38941667,-83.89927222,-83.89927222,43,Other Fixed Object,0,The First Harmful Event was Not a Collision with a Motor Vehicle in Transport,0,No,1,Non-Junction,1,Not an Intersection,5,Outside Trafficway,0,None,3,Dark - Lighted,98,Not Reported,0,No,0000000,Not Applicable,14,2:00pm-2:59pm,32,32,14,2:00pm-2:59pm,42,42,88,Not Applicable (Not Transported),88,Not Applicable (Not Transported),2
39,Ohio,390351,0,0,2,2,0,3,3,25,CLERMONT (25),0,NOT APPLICABLE,5,May,12,12,5,Thursday,2022,18,6:00pm-6:59pm,55,55,CR-127 WARDS CORNER RD,NA,4,County Road,2,Urban,4,Minor Arterial,2,County Highway Agency,0,This section IS NOT on the NHS,0,No Special Jurisdiction,0,None,39.22672778,39.22672778,-84.27886667,-84.27886667,12,Motor Vehicle In-Transport,6,Angle,1,Yes,5,Entrance/Exit Ramp Related,1,Not an Intersection,1,On Roadway,0,None,1,Daylight,1,Clear,0,No,0000000,Not Applicable,18,6:00pm-6:59pm,54,54,19,7:00pm-7:59pm,0,0,88,Not Applicable (Not Transported),88,Not Applicable (Not Transported),1
39,Ohio,390352,0,0,1,1,0,2,2,165,WARREN (165),0,NOT APPLICABLE,5,May,10,10,3,Tuesday,2022,12,12:00pm-12:59pm,4,4,CR-25 HARVEYSBURG RD,NA,4,County Road,1,Rural,7,Local,2,County Highway Agency,0,This section IS NOT on the NHS,0,No Special Jurisdiction,0,None,39.45122222,39.45122222,-83.99240278,-83.99240278,1,Rollover/Overturn,0,The First Harmful Event was Not a Collision with a Motor Vehicle in Transport,0,No,1,Non-Junction,1,Not an Intersection,4,On Roadside,0,None,1,Daylight,1,Clear,0,No,0000000,Not Applicable,12,12:00pm-12:59pm,6,6,12,12:00pm-12:59pm,26,26,12,12:00pm-12:59pm,54,54,2
39,Ohio,390353,0,0,2,2,0,3,3,89,LICKING (89),0,NOT APPLICABLE,5,May,12,12,5,Thursday,2022,17,5:00pm-5:59pm,7,7,SR-661 NORTH ST,NA,3,State Highway,1,Rural,5,Major Collector,1,State Highway Agency,0,This section IS NOT on the NHS,0,No Special Jurisdiction,38,38,40.10905833,40.10905833,-82.51870833,-82.51870833,12,Motor Vehicle In-Transport,6,Angle,0,No,8,Driveway Access Related,1,Not an Intersection,1,On Roadway,0,None,1,Daylight,1,Clear,0,No,0000000,Not Applicable,17,5:00pm-5:59pm,4,4,17,5:00pm-5:59pm,10,10,17,5:00pm-5:59pm,44,44,1
39,Ohio,390354,0,0,1,1,0,5,5,113,MONTGOMERY (113),2090,DAYTON,5,May,1,1,1,Sunday,2022,21,9:00pm-9:59pm,14,14,CR-53A GETTYSBURG AV,NA,4,County Road,2,Urban,4,Minor Arterial,2,County Highway Agency,0,This section IS NOT on the NHS,0,No Special Jurisdiction,0,None,39.78916667,39.78916667,-84.25389722,-84.25389722,40,Fire Hydrant,0,The First Harmful Event was Not a Collision with a Motor Vehicle in Transport,0,No,1,Non-Junction,1,Not an Intersection,4,On Roadside,0,None,3,Dark - Lighted,1,Clear,0,No,0000000,Not Applicable,21,9:00pm-9:59pm,14,14,21,9:00pm-9:59pm,24,24,22,10:00pm-10:59pm,5,5,4
39,Ohio,390355,0,0,1,1,0,2,2,173,WOOD (173),0,NOT APPLICABLE,5,May,13,13,6,Friday,2022,17,5:00pm-5:59pm,1,1,SR-65 WEST RIVER RD,NA,3,State Highway,1,Rural,5,Major Collector,1,State Highway Agency,0,This section IS NOT on the NHS,0,No Special Jurisdiction,70,70,41.45596944,41.45596944,-83.77388611,-83.77388611,1,Rollover/Overturn,0,The First Harmful Event was Not a Collision with a Motor Vehicle in Transport,0,No,1,Non-Junction,1,Not an Intersection,4,On Roadside,0,None,1,Daylight,1,Clear,0,No,0000000,Not Applicable,99,Unknown,99,Unknown,99,Unknown EMS Scene Arrival Hour,99,Unknown EMS Scene Arrival Minutes,99,Unknown,99,Unknown EMS Hospital Arrival Time,1
39,Ohio,390356,0,0,2,2,0,2,2,99,MAHONING (99),0,NOT APPLICABLE,5,May,10,10,3,Tuesday,2022,13,1:00pm-1:59pm,51,51,TR-1792 ALDRICH RD,NA,5,Local Street - Township,2,Urban,7,Local,3,Town or Township Highway Agency,0,This section IS NOT on the NHS,0,No Special Jurisdiction,0,None,41.0975,41.0975,-80.75566944,-80.75566944,12,Motor Vehicle In-Transport,1,Front-to-Rear,0,No,1,Non-Junction,1,Not an Intersection,1,On Roadway,0,None,1,Daylight,1,Clear,0,No,0000000,Not Applicable,13,1:00pm-1:59pm,53,53,13,1:00pm-1:59pm,55,55,14,2:00pm-2:59pm,25,25,1
39,Ohio,390357,0,0,2,2,0,3,3,61,HAMILTON (61),1610,CINCINNATI,5,May,13,13,6,Friday,2022,2,2:00am-2:59am,15,15,CR-142 NORTH BEND RD,CR-245 SIMPSON AV,4,County Road,2,Urban,3,Principal Arterial - Other,2,County Highway Agency,0,This section IS NOT on the NHS,0,No Special Jurisdiction,0,None,39.20363611,39.20363611,-84.56102222,-84.56102222,31,"Post, Pole or Other Supports",0,The First Harmful Event was Not a Collision with a Motor Vehicle in Transport,0,No,3,Intersection-Related,3,T-Intersection,4,On Roadside,0,None,3,Dark - Lighted,1,Clear,0,No,0000000,Not Applicable,2,2:00am-2:59am,16,16,2,2:00am-2:59am,21,21,3,3:00am-3:59am,7,7,1
39,Ohio,390358,0,0,1,1,0,1,1,35,CUYAHOGA (35),4970,MIDDLEBURG HEIGHTS,5,May,13,13,6,Friday,2022,4,4:00am-4:59am,17,17,US-42 PEARL RD,NA,2,US Highway,2,Urban,3,Principal Arterial - Other,1,State Highway Agency,1,This section IS ON the NHS,0,No Special Jurisdiction,77,77,41.37623611,41.37623611,-81.79512778,-81.79512778,33,Curb,0,The First Harmful Event was Not a Collision with a Motor Vehicle in Transport,0,No,1,Non-Junction,1,Not an Intersection,4,On Roadside,0,None,3,Dark - Lighted,1,Clear,0,No,0000000,Not Applicable,4,4:00am-4:59am,17,17,4,4:00am-4:59am,22,22,88,Not Applicable (Not Transported),88,Not Applicable (Not Transported),1
39,Ohio,390359,0,0,2,2,0,2,2,169,WAYNE (169),9140,WOOSTER,5,May,16,16,2,Monday,2022,18,6:00pm-6:59pm,22,22,SR-83,NA,3,State Highway,2,Urban,2,Principal Arterial - Other Freeways and Expressways,1,State Highway Agency,0,This section IS NOT on the NHS,0,No Special Jurisdiction,138,138,40.83686111,40.83686111,-81.92746389,-81.92746389,12,Motor Vehicle In-Transport,2,Front-to-Front,0,No,1,Non-Junction,1,Not an Intersection,1,On Roadway,4,"Work Zone, Type Unknown",1,Daylight,1,Clear,0,No,0000000,Not Applicable,99,Unknown,99,Unknown,99,Unknown EMS Scene Arrival Hour,99,Unknown EMS Scene Arrival Minutes,99,Unknown,99,Unknown EMS Hospital Arrival Time,1
39,Ohio,390360,0,0,1,1,0,3,3,31,COSHOCTON (31),0,NOT APPLICABLE,5,May,15,15,1,Sunday,2022,15,3:00pm-3:59pm,14,14,TR-256 RIDGE RD,NA,5,Local Street - Township,1,Rural,7,Local,3,Town or Township Highway Agency,0,This section IS NOT on the NHS,0,No Special Jurisdiction,0,None,40.24845556,40.24845556,-81.68655278,-81.68655278,34,Ditch,0,The First Harmful Event was Not a Collision with a Motor Vehicle in Transport,0,No,1,Non-Junction,1,Not an Intersection,4,On Roadside,0,None,1,Daylight,1,Clear,0,No,0000000,Not Applicable,15,3:00pm-3:59pm,18,18,15,3:00pm-3:59pm,39,39,16,4:00pm-4:59pm,17,17,1
39,Ohio,390361,0,0,1,1,0,1,1,49,FRANKLIN (49),1800,COLUMBUS,4,April,13,13,4,Wednesday,2022,0,0:00am-0:59am,41,41,CR-25 WILSON RD,TRABUE RD,4,County Road,2,Urban,4,Minor Arterial,2,County Highway Agency,0,This section IS NOT on the NHS,0,No Special Jurisdiction,0,None,39.98771944,39.98771944,-83.10738889,-83.10738889,1,Rollover/Overturn,0,The First Harmful Event was Not a Collision with a Motor Vehicle in Transport,0,No,2,Intersection,3,T-Intersection,1,On Roadway,0,None,3,Dark - Lighted,1,Clear,0,No,0000000,Not Applicable,0,0:00am-0:59am,42,42,0,0:00am-0:59am,48,48,1,1:00am-1:59am,5,5,1