STATE,STATENAME,ST_CASE,PEDS,PERNOTMVIT,VE_TOTAL,VE_FORMS,PVH_INVL,PERSONS,PERMVIT,COUNTY,COUNTYNAME,CITY,CITYNAME,MONTH,MONTHNAME,DAY,DAYNAME,DAY_WEEK,DAY_WEEKNAME,YEAR,HOUR,HOURNAME,MINUTE,MINUTENAME,TWAY_ID,TWAY_ID2,ROUTE,ROUTENAME,RUR_URB,RUR_URBNAME,FUNC_SYS,FUNC_SYSNAME,RD_OWNER,RD_OWNERNAME,NHS,NHSNAME,SP_JUR,SP_JURNAME,MILEPT,MILEPTNAME,LATITUDE,LATITUDENAME,LONGITUD,LONGITUDNAME,HARM_EV,HARM_EVNAME,MAN_COLL,MAN_COLLNAME,RELJCT1,RELJCT1NAME,RELJCT2,RELJCT2NAME,TYP_INT,TYP_INTNAME,REL_ROAD,REL_ROADNAME,WRK_ZONE,WRK_ZONENAME,LGT_COND,LGT_CONDNAME,WEATHER,WEATHERNAME,SCH_BUS,SCH_BUSNAME,RAIL,RAILNAME,NOT_HOUR,NOT_HOURNAME,NOT_MIN,NOT_MINNAME,ARR_HOUR,ARR_HOURNAME,ARR_MIN,ARR_MINNAME,HOSP_HR,HOSP_HRNAME,HOSP_MN,HOSP_MNNAME,FATALS
39,Ohio,390402,0,0,1,1,0,2,2,57,GREENE (57),0,NOT APPLICABLE,5,May,26,26,5,Thursday,2022,12,12:00pm-12:59pm,10,10,CR-64 POLECAT RD,NA,4,County Road,1,Rural,6,Minor Collector,2,County Highway Agency,0,This section IS NOT on the NHS,0,No Special Jurisdiction,0,None,39.81889167,39.81889167,-83.88911944,-83.88911944,34,Ditch,0,The First Harmful Event was Not a Collision with a Motor Vehicle in Transport,0,No,1,Non-Junction,1,Not an Intersection,4,On Roadside,0,None,1,Daylight,10,Cloudy,0,No,0000000,Not Applicable,12,12:00pm-12:59pm,7,7,12,12:00pm-12:59pm,14,14,12,12:00pm-12:59pm,42,42,1
39,Ohio,390403,0,0,1,1,0,1,1,39,DEFIANCE (39),0,NOT APPLICABLE,5,May,15,15,1,Sunday,2022,16,4:00pm-4:59pm,51,51,TR-124 OPENLANDER RD,NA,5,Local Street - Township,1,Rural,7,Local,3,Town or Township Highway Agency,0,This section IS NOT on the NHS,0,No Special Jurisdiction,0,None,41.28007222,41.28007222,-84.59191389,-84.59191389,1,Rollover/Overturn,0,The First Harmful Event was Not a Collision with a Motor Vehicle in Transport,0,No,1,Non-Junction,1,Not an Intersection,1,On Roadway,0,None,1,Daylight,1,Clear,0,No,0000000,Not Applicable,17,5:00pm-5:59pm,2,2,17,5:00pm-5:59pm,43,43,18,6:00pm-6:59pm,32,32,1
39,Ohio,390404,0,0,1,1,0,2,2,151,STARK (151),0,NOT APPLICABLE,3,March,10,10,5,Thursday,2022,22,10:00pm-10:59pm,52,52,TR-238 AMHERST AVE,TR-3789 RIDGECREST DR,5,Local Street - Township,2,Urban,5,Major Collector,3,Town or Township Highway Agency,0,This section IS NOT on the NHS,0,No Special Jurisdiction,0,None,40.8236,40.8236,-81.5127,-81.5127,32,Culvert,0,The First Harmful Event was Not a Collision with a Motor Vehicle in Transport,0,No,3,Intersection-Related,2,Four-Way Intersection,4,On Roadside,0,None,2,Dark - Not Lighted,1,Clear,0,No,0000000,Not Applicable,22,10:00pm-10:59pm,53,53,22,10:00pm-10:59pm,57,57,23,11:00pm-11:59pm,19,19,1
39,Ohio,390405,0,0,1,1,0,1,1,153,SUMMIT (153),2030,CUYAHOGA FALLS,4,April,14,14,5,Thursday,2022,15,3:00pm-3:59pm,57,57,SR-8,NA,3,State Highway,2,Urban,2,Principal Arterial - Other Freeways and Expressways,1,State Highway Agency,1,This section IS ON the NHS,0,No Special Jurisdiction,62,62,41.14328056,41.14328056,-81.47645,-81.47645,25,Concrete Traffic Barrier,0,The First Harmful Event was Not a Collision with a Motor Vehicle in Transport,0,No,1,Non-Junction,1,Not an Intersection,3,On Median,0,None,1,Daylight,1,Clear,0,No,0000000,Not Applicable,16,4:00pm-4:59pm,4,4,16,4:00pm-4:59pm,9,9,16,4:00pm-4:59pm,24,24,1
39,Ohio,390406,0,0,2,2,0,2,2,101,MARION (101),6770,PROSPECT,5,May,25,25,4,Wednesday,2022,1,1:00am-1:59am,2,2,CR-47 WATER ST,Fourth ST,4,County Road,1,Rural,5,Major Collector,1,State Highway Agency,0,This section IS NOT on the NHS,0,No Special Jurisdiction,25,25,40.45088889,40.45088889,-83.185975,-83.185975,12,Motor Vehicle In-Transport,2,Front-to-Front,0,No,3,Intersection-Related,2,Four-Way Intersection,1,On Roadway,4,"Work Zone, Type Unknown",2,Dark - Not Lighted,1,Clear,0,No,0000000,Not Applicable,1,1:00am-1:59am,8,8,1,1:00am-1:59am,13,13,1,1:00am-1:59am,38,38,1
39,Ohio,390407,0,0,2,2,0,2,2,99,MAHONING (99),0,NOT APPLICABLE,5,May,21,21,7,Saturday,2022,16,4:00pm-4:59pm,39,39,I-76,NA,1,Interstate,1,Rural,1,Interstate,1,State Highway Agency,1,This section IS ON the NHS,0,No Special Jurisdiction,7,7,41.10026944,41.10026944,-80.98891389,-80.98891389,12,Motor Vehicle In-Transport,1,Front-to-Rear,0,No,1,Non-Junction,1,Not an Intersection,1,On Roadway,0,None,1,Daylight,10,Cloudy,0,No,0000000,Not Applicable,16,4:00pm-4:59pm,38,38,16,4:00pm-4:59pm,42,42,88,Not Applicable (Not Transported),88,Not Applicable (Not Transported),1
39,Ohio,390408,0,0,1,1,0,1,1,109,MIAMI (109),0,NOT APPLICABLE,6,June,4,4,7,Saturday,2022,0,0:00am-0:59am,33,33,CR-37 FENNER RD,NA,4,County Road,1,Rural,7,Local,2,County Highway Agency,0,This section IS NOT on the NHS,0,No Special Jurisdiction,0,None,40.02210833,40.02210833,-84.40294167,-84.40294167,34,Ditch,0,The First Harmful Event was Not a Collision with a Motor Vehicle in Transport,0,No,1,Non-Junction,1,Not an Intersection,4,On Roadside,0,None,2,Dark - Not Lighted,1,Clear,0,No,0000000,Not Applicable,0,0:00am-0:59am,36,36,0,0:00am-0:59am,45,45,88,Not Applicable (Not Transported),88,Not Applicable (Not Transported),1
39,Ohio,390409,0,0,3,3,0,4,4,49,FRANKLIN (49),3500,HILLIARD,6,June,4,4,7,Saturday,2022,19,7:00pm-7:59pm,57,57,CR-12 AMITY RD,NA,4,County Road,2,Urban,5,Major Collector,2,County Highway Agency,0,This section IS NOT on the NHS,0,No Special Jurisdiction,0,None,39.96818333,39.96818333,-83.21103611,-83.21103611,12,Motor Vehicle In-Transport,1,Front-to-Rear,0,No,1,Non-Junction,1,Not an Intersection,1,On Roadway,0,None,5,Dusk,1,Clear,0,No,0000000,Not Applicable,20,8:00pm-8:59pm,1,1,20,8:00pm-8:59pm,5,5,20,8:00pm-8:59pm,16,16,1
39,Ohio,390410,0,0,2,2,0,6,6,93,LORAIN (93),4360,LORAIN,6,June,8,8,4,Wednesday,2022,15,3:00pm-3:59pm,11,11,SR-57 GROVE AV,NA,3,State Highway,2,Urban,4,Minor Arterial,1,State Highway Agency,0,This section IS NOT on the NHS,0,No Special Jurisdiction,229,229,41.44170278,41.44170278,-82.11986667,-82.11986667,12,Motor Vehicle In-Transport,6,Angle,0,No,8,Driveway Access Related,1,Not an Intersection,1,On Roadway,0,None,1,Daylight,1,Clear,0,No,0000000,Not Applicable,15,3:00pm-3:59pm,14,14,15,3:00pm-3:59pm,17,17,15,3:00pm-3:59pm,49,49,1
39,Ohio,390411,0,0,2,2,0,2,2,91,LOGAN (91),0,NOT APPLICABLE,5,May,20,20,6,Friday,2022,7,7:00am-7:59am,34,34,SR-274,NA,3,State Highway,1,Rural,5,Major Collector,1,State Highway Agency,0,This section IS NOT on the NHS,0,No Special Jurisdiction,90,90,40.44481944,40.44481944,-83.83038889,-83.83038889,12,Motor Vehicle In-Transport,6,Angle,0,No,1,Non-Junction,1,Not an Intersection,1,On Roadway,0,None,4,Dawn,10,Cloudy,0,No,0000000,Not Applicable,7,7:00am-7:59am,35,35,7,7:00am-7:59am,46,46,88,Not Applicable (Not Transported),88,Not Applicable (Not Transported),1
39,Ohio,390412,0,0,2,2,0,2,2,153,SUMMIT (153),70,AKRON,5,May,12,12,5,Thursday,2022,23,11:00pm-11:59pm,40,40,I-76,NA,1,Interstate,2,Urban,1,Interstate,1,State Highway Agency,1,This section IS ON the NHS,0,No Special Jurisdiction,128,128,41.06243889,41.06243889,-81.48055556,-81.48055556,12,Motor Vehicle In-Transport,2,Front-to-Front,0,No,1,Non-Junction,1,Not an Intersection,1,On Roadway,0,None,3,Dark - Lighted,1,Clear,0,No,0000000,Not Applicable,23,11:00pm-11:59pm,44,44,23,11:00pm-11:59pm,46,46,0,0:00am-0:59am,5,5,1
39,Ohio,390413,0,0,1,1,0,2,2,99,MAHONING (99),0,NOT APPLICABLE,5,May,26,26,5,Thursday,2022,2,2:00am-2:59am,45,45,CR-117 TIPPECANOE RD,NA,4,County Road,2,Urban,4,Minor Arterial,2,County Highway Agency,0,This section IS NOT on the NHS,0,No Special Jurisdiction,0,None,41.05761111,41.05761111,-80.71112778,-80.71112778,18,Other Object (not fixed),0,The First Harmful Event was Not a Collision with a Motor Vehicle in Transport,0,No,1,Non-Junction,1,Not an Intersection,4,On Roadside,0,None,2,Dark - Not Lighted,1,Clear,0,No,0000000,Not Applicable,2,2:00am-2:59am,40,40,2,2:00am-2:59am,44,44,3,3:00am-3:59am,20,20,2
39,Ohio,390414,0,0,1,1,0,1,1,11,AUGLAIZE (11),0,NOT APPLICABLE,5,May,28,28,7,Saturday,2022,10,10:00am-10:59am,16,16,CR-158 GLYNWOOD RD,NA,4,County Road,2,Urban,7,Local,2,County Highway Agency,0,This section IS NOT on the NHS,0,No Special Jurisdiction,0,None,40.58536944,40.58536944,-84.23360556,-84.23360556,30,Utility Pole/Light Support,0,The First Harmful Event was Not a Collision with a Motor Vehicle in Transport,0,No,1,Non-Junction,1,Not an Intersection,4,On Roadside,0,None,1,Daylight,10,Cloudy,0,No,0000000,Not Applicable,10,10:00am-10:59am,15,15,10,10:00am-10:59am,22,22,10,10:00am-10:59am,57,57,1
39,Ohio,390416,0,0,2,2,0,4,4,171,WILLIAMS (171),0,NOT APPLICABLE,6,June,4,4,7,Saturday,2022,12,12:00pm-12:59pm,13,13,US-20,CR-4,2,US Highway,1,Rural,4,Minor Arterial,1,State Highway Agency,0,This section IS NOT on the NHS,0,No Special Jurisdiction,30,30,41.63628611,41.63628611,-84.74622778,-84.74622778,12,Motor Vehicle In-Transport,6,Angle,0,No,2,Intersection,2,Four-Way Intersection,1,On Roadway,0,None,1,Daylight,1,Clear,0,No,0000000,Not Applicable,12,12:00pm-12:59pm,17,17,12,12:00pm-12:59pm,28,28,13,1:00pm-1:59pm,12,12,2
39,Ohio,390417,0,0,1,1,0,1,1,87,LAWRENCE (87),0,NOT APPLICABLE,5,May,29,29,1,Sunday,2022,18,6:00pm-6:59pm,56,56,SR-141,NA,3,State Highway,1,Rural,5,Major Collector,1,State Highway Agency,0,This section IS NOT on the NHS,0,No Special Jurisdiction,108,108,38.58405278,38.58405278,-82.52561111,-82.52561111,35,Embankment,0,The First Harmful Event was Not a Collision with a Motor Vehicle in Transport,0,No,1,Non-Junction,1,Not an Intersection,4,On Roadside,0,None,1,Daylight,1,Clear,0,No,0000000,Not Applicable,18,6:00pm-6:59pm,49,49,18,6:00pm-6:59pm,55,55,19,7:00pm-7:59pm,50,50,1
39,Ohio,390418,0,0,2,2,0,4,4,97,MADISON (97),0,NOT APPLICABLE,5,May,30,30,2,Monday,2022,16,4:00pm-4:59pm,37,37,US-42 LONDON DELAWARE RD,CR-32 PRICE HILLIARDS RD,2,US Highway,1,Rural,3,Principal Arterial - Other,1,State Highway Agency,1,This section IS ON the NHS,0,No Special Jurisdiction,30,30,40.04571667,40.04571667,-83.29662222,-83.29662222,12,Motor Vehicle In-Transport,6,Angle,0,No,2,Intersection,2,Four-Way Intersection,1,On Roadway,0,None,1,Daylight,1,Clear,0,No,0000000,Not Applicable,16,4:00pm-4:59pm,36,36,16,4:00pm-4:59pm,43,43,17,5:00pm-5:59pm,19,19,2
39,Ohio,390419,0,0,2,1,1,2,2,147,SENECA (147),0,NOT APPLICABLE,5,May,29,29,1,Sunday,2022,19,7:00pm-7:59pm,34,34,CR-29,NA,4,County Road,1,Rural,6,Minor Collector,2,County Highway Agency,0,This section IS NOT on the NHS,0,No Special Jurisdiction,0,None,41.25540278,41.25540278,-82.859375,-82.859375,14,Parked Motor Vehicle,0,The First Harmful Event was Not a Collision with a Motor Vehicle in Transport,0,No,1,Non-Junction,1,Not an Intersection,4,On Roadside,0,None,1,Daylight,1,Clear,0,No,0000000,Not Applicable,20,8:00pm-8:59pm,1,1,20,8:00pm-8:59pm,20,20,21,9:00pm-9:59pm,10,10,1
39,Ohio,390420,0,0,1,1,0,1,1,119,MUSKINGUM (119),0,NOT APPLICABLE,6,June,4,4,7,Saturday,2022,16,4:00pm-4:59pm,50,50,SR-666 RIVER RD EAST,NA,3,State Highway,1,Rural,6,Minor Collector,1,State Highway Agency,0,This section IS NOT on the NHS,0,No Special Jurisdiction,119,119,40.09108611,40.09108611,-81.99860833,-81.99860833,34,Ditch,0,The First Harmful Event was Not a Collision with a Motor Vehicle in Transport,0,No,1,Non-Junction,1,Not an Intersection,4,On Roadside,0,None,1,Daylight,1,Clear,0,No,0000000,Not Applicable,16,4:00pm-4:59pm,49,49,16,4:00pm-4:59pm,57,57,88,Not Applicable (Not Transported),88,Not Applicable (Not Transported),1
39,Ohio,390421,1,1,1,1,0,1,1,119,MUSKINGUM (119),0,NOT APPLICABLE,6,June,3,3,6,Friday,2022,14,2:00pm-2:59pm,18,18,I-70,NA,1,Interstate,1,Rural,1,Interstate,1,State Highway Agency,1,This section IS ON the NHS,0,No Special Jurisdiction,44,44,39.94692222,39.94692222,-82.14098611,-82.14098611,8,Pedestrian,0,The First Harmful Event was Not a Collision with a Motor Vehicle in Transport,0,No,1,Non-Junction,1,Not an Intersection,1,On Roadway,0,None,1,Daylight,1,Clear,0,No,0000000,Not Applicable,14,2:00pm-2:59pm,22,22,14,2:00pm-2:59pm,32,32,88,Not Applicable (Not Transported),88,Not Applicable (Not Transported),1
39,Ohio,390422,0,0,2,2,0,3,3,99,MAHONING (99),0,NOT APPLICABLE,5,May,30,30,2,Monday,2022,16,4:00pm-4:59pm,39,39,US-224 AKRON-CANFIELD RD,CR-31,2,US Highway,1,Rural,4,Minor Arterial,1,State Highway Agency,0,This section IS NOT on the NHS,0,No Special Jurisdiction,8,8,41.02393889,41.02393889,-80.98644167,-80.98644167,1,Rollover/Overturn,0,The First Harmful Event was Not a Collision with a Motor Vehicle in Transport,0,No,2,Intersection,2,Four-Way Intersection,1,On Roadway,0,None,1,Daylight,1,Clear,0,No,0000000,Not Applicable,16,4:00pm-4:59pm,36,36,16,4:00pm-4:59pm,44,44,17,5:00pm-5:59pm,35,35,2
39,Ohio,390423,0,0,2,2,0,6,6,93,LORAIN (93),0,NOT APPLICABLE,5,May,30,30,2,Monday,2022,5,5:00am-5:59am,10,10,SR-57 LORAIN BLVD,I-90 EXIT RAMP,3,State Highway,2,Urban,3,Principal Arterial - Other,1,State Highway Agency,0,This section IS NOT on the NHS,0,No Special Jurisdiction,203,203,41.40378611,41.40378611,-82.11681944,-82.11681944,12,Motor Vehicle In-Transport,6,Angle,1,Yes,2,Intersection,3,T-Intersection,1,On Roadway,0,None,1,Daylight,1,Clear,0,No,0000000,Not Applicable,5,5:00am-5:59am,17,17,5,5:00am-5:59am,27,27,5,5:00am-5:59am,58,58,2
39,Ohio,390424,1,1,1,1,0,0,0,3,ALLEN (3),0,NOT APPLICABLE,6,June,6,6,2,Monday,2022,22,10:00pm-10:59pm,12,12,TR-690 ARCADIA AV,NA,5,Local Street - Township,2,Urban,7,Local,3,Town or Township Highway Agency,0,This section IS NOT on the NHS,0,No Special Jurisdiction,0,None,40.72545833,40.72545833,-84.14896389,-84.14896389,53,Mail Box,0,The First Harmful Event was Not a Collision with a Motor Vehicle in Transport,0,No,1,Non-Junction,1,Not an Intersection,4,On Roadside,0,None,2,Dark - Not Lighted,2,Rain,0,No,0000000,Not Applicable,22,10:00pm-10:59pm,12,12,22,10:00pm-10:59pm,14,14,22,10:00pm-10:59pm,37,37,1
39,Ohio,390425,0,0,2,2,0,3,3,35,CUYAHOGA (35),1680,CLEVELAND,4,April,17,17,1,Sunday,2022,1,1:00am-1:59am,0,0,US-422 KINSMAN RD,CR-398 93RD ST,2,US Highway,2,Urban,4,Minor Arterial,1,State Highway Agency,0,This section IS NOT on the NHS,0,No Special Jurisdiction,42,42,41.47196944,41.47196944,-81.62153333,-81.62153333,12,Motor Vehicle In-Transport,6,Angle,0,No,2,Intersection,2,Four-Way Intersection,1,On Roadway,0,None,3,Dark - Lighted,10,Cloudy,0,No,0000000,Not Applicable,1,1:00am-1:59am,3,3,1,1:00am-1:59am,9,9,1,1:00am-1:59am,29,29,1
39,Ohio,390426,0,0,1,1,0,2,2,113,MONTGOMERY (113),2090,DAYTON,5,May,23,23,2,Monday,2022,17,5:00pm-5:59pm,20,20,CR-230 JAMES H MCGEE BL,NA,4,County Road,2,Urban,4,Minor Arterial,2,County Highway Agency,0,This section IS NOT on the NHS,0,No Special Jurisdiction,0,None,39.76351389,39.76351389,-84.23329444,-84.23329444,33,Curb,0,The First Harmful Event was Not a Collision with a Motor Vehicle in Transport,0,No,1,Non-Junction,1,Not an Intersection,3,On Median,0,None,1,Daylight,1,Clear,0,No,0000000,Not Applicable,17,5:00pm-5:59pm,23,23,17,5:00pm-5:59pm,30,30,17,5:00pm-5:59pm,50,50,1
39,Ohio,390427,0,0,2,2,0,2,2,25,CLERMONT (25),0,NOT APPLICABLE,6,June,3,3,6,Friday,2022,17,5:00pm-5:59pm,17,17,SR-276,NA,3,State Highway,1,Rural,5,Major Collector,1,State Highway Agency,0,This section IS NOT on the NHS,0,No Special Jurisdiction,42,42,39.09633056,39.09633056,-84.11809167,-84.11809167,12,Motor Vehicle In-Transport,2,Front-to-Front,0,No,1,Non-Junction,1,Not an Intersection,1,On Roadway,0,None,1,Daylight,1,Clear,0,No,0000000,Not Applicable,17,5:00pm-5:59pm,20,20,17,5:00pm-5:59pm,25,25,88,Not Applicable (Not Transported),88,Not Applicable (Not Transported),2
39,Ohio,390428,0,0,1,1,0,1,1,59,GUERNSEY (59),0,NOT APPLICABLE,5,May,28,28,7,Saturday,2022,19,7:00pm-7:59pm,11,11,SR-83,NA,3,State Highway,1,Rural,5,Major Collector,1,State Highway Agency,0,This section IS NOT on the NHS,0,No Special Jurisdiction,109,109,39.97146111,39.97146111,-81.72205556,-81.72205556,34,Ditch,0,The First Harmful Event was Not a Collision with a Motor Vehicle in Transport,0,No,1,Non-Junction,1,Not an Intersection,4,On Roadside,0,None,1,Daylight,1,Clear,0,No,0000000,Not Applicable,19,7:00pm-7:59pm,9,9,19,7:00pm-7:59pm,9,9,19,7:00pm-7:59pm,44,44,1
39,Ohio,390429,0,0,1,1,0,1,1,157,TUSCARAWAS (157),0,NOT APPLICABLE,6,June,3,3,6,Friday,2022,16,4:00pm-4:59pm,12,12,SR-800,NA,3,State Highway,1,Rural,5,Major Collector,1,State Highway Agency,0,This section IS NOT on the NHS,0,No Special Jurisdiction,260,260,40.54857222,40.54857222,-81.42484722,-81.42484722,30,Utility Pole/Light Support,0,The First Harmful Event was Not a Collision with a Motor Vehicle in Transport,0,No,1,Non-Junction,1,Not an Intersection,4,On Roadside,0,None,1,Daylight,1,Clear,0,No,0000000,Not Applicable,16,4:00pm-4:59pm,19,19,16,4:00pm-4:59pm,26,26,88,Not Applicable (Not Transported),88,Not Applicable (Not Transported),1
39,Ohio,390430,0,0,2,2,0,2,2,73,HOCKING (73),0,NOT APPLICABLE,5,May,31,31,3,Tuesday,2022,16,4:00pm-4:59pm,36,36,SR-56,NA,3,State Highway,1,Rural,5,Major Collector,1,State Highway Agency,0,This section IS NOT on the NHS,0,No Special Jurisdiction,42,42,39.43605278,39.43605278,-82.68099722,-82.68099722,12,Motor Vehicle In-Transport,1,Front-to-Rear,0,No,1,Non-Junction,1,Not an Intersection,1,On Roadway,0,None,1,Daylight,1,Clear,0,No,0000000,Not Applicable,15,3:00pm-3:59pm,58,58,16,4:00pm-4:59pm,22,22,17,5:00pm-5:59pm,17,17,1
39,Ohio,390431,0,0,2,2,0,2,2,61,HAMILTON (61),1610,CINCINNATI,6,June,4,4,7,Saturday,2022,12,12:00pm-12:59pm,27,27,US-264 GLENWAY AV,PROSPERITY PLACE,2,US Highway,2,Urban,3,Principal Arterial - Other,1,State Highway Agency,0,This section IS NOT on the NHS,0,No Special Jurisdiction,108,108,39.12349444,39.12349444,-84.60264722,-84.60264722,12,Motor Vehicle In-Transport,6,Angle,1,Yes,2,Intersection,2,Four-Way Intersection,1,On Roadway,0,None,1,Daylight,1,Clear,0,No,0000000,Not Applicable,12,12:00pm-12:59pm,29,29,12,12:00pm-12:59pm,33,33,88,Not Applicable (Not Transported),88,Not Applicable (Not Transported),1
39,Ohio,390432,0,0,2,2,0,2,2,161,VAN WERT (161),0,NOT APPLICABLE,6,June,14,14,3,Tuesday,2022,15,3:00pm-3:59pm,7,7,US-30,NA,2,US Highway,2,Urban,3,Principal Arterial - Other,1,State Highway Agency,1,This section IS ON the NHS,0,No Special Jurisdiction,127,127,40.88604444,40.88604444,-84.58640833,-84.58640833,59,Traffic Sign Support,0,The First Harmful Event was Not a Collision with a Motor Vehicle in Transport,0,No,1,Non-Junction,1,Not an Intersection,3,On Median,0,None,1,Daylight,1,Clear,0,No,0000000,Not Applicable,15,3:00pm-3:59pm,11,11,15,3:00pm-3:59pm,13,13,88,Not Applicable (Not Transported),88,Not Applicable (Not Transported),1
39,Ohio,390433,0,0,2,2,0,2,2,17,BUTLER (17),0,NOT APPLICABLE,6,June,14,14,3,Tuesday,2022,22,10:00pm-10:59pm,48,48,TR-11 BUTLER WARREN RD,CR-20 TYLERSVILLE RD,5,Local Street - Township,2,Urban,5,Major Collector,3,Town or Township Highway Agency,0,This section IS NOT on the NHS,0,No Special Jurisdiction,0,None,39.351825,39.351825,-84.34794722,-84.34794722,12,Motor Vehicle In-Transport,6,Angle,0,No,2,Intersection,2,Four-Way Intersection,1,On Roadway,0,None,3,Dark - Lighted,1,Clear,0,No,0000000,Not Applicable,22,10:00pm-10:59pm,48,48,22,10:00pm-10:59pm,53,53,23,11:00pm-11:59pm,9,9,1
39,Ohio,390434,0,0,1,1,0,1,1,61,HAMILTON (61),1610,CINCINNATI,6,June,13,13,2,Monday,2022,22,10:00pm-10:59pm,6,6,CR-85 HIGHLAND DR,NA,4,County Road,2,Urban,5,Major Collector,2,County Highway Agency,0,This section IS NOT on the NHS,0,No Special Jurisdiction,0,None,39.166425,39.166425,-84.43302222,-84.43302222,21,Bridge Pier or Support,0,The First Harmful Event was Not a Collision with a Motor Vehicle in Transport,0,No,1,Non-Junction,1,Not an Intersection,4,On Roadside,0,None,3,Dark - Lighted,10,Cloudy,0,No,0000000,Not Applicable,22,10:00pm-10:59pm,9,9,22,10:00pm-10:59pm,17,17,23,11:00pm-11:59pm,2,2,1
39,Ohio,390435,0,0,2,2,0,6,6,153,SUMMIT (153),70,AKRON,5,May,8,8,1,Sunday,2022,13,1:00pm-1:59pm,54,54,SR-18 MARKET ST,NA,3,State Highway,2,Urban,3,Principal Arterial - Other,1,State Highway Agency,1,This section IS ON the NHS,0,No Special Jurisdiction,127,127,41.06276389,41.06276389,-81.47168889,-81.47168889,12,Motor Vehicle In-Transport,6,Angle,0,No,8,Driveway Access Related,1,Not an Intersection,1,On Roadway,0,None,1,Daylight,1,Clear,0,No,0000000,Not Applicable,13,1:00pm-1:59pm,59,59,14,2:00pm-2:59pm,2,2,14,2:00pm-2:59pm,20,20,1
39,Ohio,390436,0,0,2,2,0,3,3,159,UNION (159),0,NOT APPLICABLE,6,June,3,3,6,Friday,2022,23,11:00pm-11:59pm,33,33,CR-1 INDUSTRIAL PK,NA,4,County Road,2,Urban,5,Major Collector,2,County Highway Agency,0,This section IS NOT on the NHS,0,No Special Jurisdiction,0,None,40.12221111,40.12221111,-83.19314167,-83.19314167,12,Motor Vehicle In-Transport,6,Angle,0,No,1,Non-Junction,1,Not an Intersection,1,On Roadway,0,None,2,Dark - Not Lighted,1,Clear,0,No,0000000,Not Applicable,23,11:00pm-11:59pm,34,34,23,11:00pm-11:59pm,41,41,88,Not Applicable (Not Transported),88,Not Applicable (Not Transported),1
39,Ohio,390437,0,0,1,1,0,1,1,93,LORAIN (93),0,NOT APPLICABLE,6,June,4,4,7,Saturday,2022,14,2:00pm-2:59pm,1,1,CR-53 RIDGELAND RD,NA,4,County Road,2,Urban,7,Local,2,County Highway Agency,0,This section IS NOT on the NHS,0,No Special Jurisdiction,0,None,41.402875,41.402875,-82.20748611,-82.20748611,43,Other Fixed Object,0,The First Harmful Event was Not a Collision with a Motor Vehicle in Transport,0,No,1,Non-Junction,1,Not an Intersection,4,On Roadside,0,None,1,Daylight,1,Clear,0,No,0000000,Not Applicable,14,2:00pm-2:59pm,6,6,14,2:00pm-2:59pm,15,15,14,2:00pm-2:59pm,37,37,1
39,Ohio,390438,1,1,1,1,0,1,1,165,WARREN (165),0,NOT APPLICABLE,5,May,28,28,7,Saturday,2022,1,1:00am-1:59am,18,18,I-71,NA,1,Interstate,2,Urban,1,Interstate,1,State Highway Agency,1,This section IS ON the NHS,0,No Special Jurisdiction,81,81,39.38278889,39.38278889,-84.22646667,-84.22646667,8,Pedestrian,0,The First Harmful Event was Not a Collision with a Motor Vehicle in Transport,1,Yes,18,Through Roadway,1,Not an Intersection,1,On Roadway,0,None,2,Dark - Not Lighted,1,Clear,0,No,0000000,Not Applicable,1,1:00am-1:59am,19,19,1,1:00am-1:59am,28,28,88,Not Applicable (Not Transported),88,Not Applicable (Not Transported),1
39,Ohio,390439,0,0,2,2,0,2,2,131,PIKE (131),0,NOT APPLICABLE,6,June,4,4,7,Saturday,2022,7,7:00am-7:59am,15,15,CR-75 COAL DOCK RD,TR-511,4,County Road,1,Rural,7,Local,2,County Highway Agency,0,This section IS NOT on the NHS,0,No Special Jurisdiction,0,None,39.03344722,39.03344722,-82.90141111,-82.90141111,12,Motor Vehicle In-Transport,2,Front-to-Front,0,No,3,Intersection-Related,3,T-Intersection,1,On Roadway,0,None,1,Daylight,1,Clear,0,No,0000000,Not Applicable,7,7:00am-7:59am,22,22,7,7:00am-7:59am,29,29,88,Not Applicable (Not Transported),88,Not Applicable (Not Transported),1
39,Ohio,390440,0,0,1,1,0,3,3,131,PIKE (131),0,NOT APPLICABLE,6,June,2,2,5,Thursday,2022,9,9:00am-9:59am,21,21,CR-3 MORGANS FORK RD,NA,4,County Road,1,Rural,5,Major Collector,2,County Highway Agency,0,This section IS NOT on the NHS,0,No Special Jurisdiction,0,None,39.1157,39.1157,-83.18455833,-83.18455833,42,Tree (Standing Only),0,The First Harmful Event was Not a Collision with a Motor Vehicle in Transport,0,No,1,Non-Junction,1,Not an Intersection,4,On Roadside,0,None,1,Daylight,2,Rain,0,No,0000000,Not Applicable,9,9:00am-9:59am,21,21,9,9:00am-9:59am,34,34,10,10:00am-10:59am,17,17,1
39,Ohio,390441,0,0,4,4,0,4,4,113,MONTGOMERY (113),2090,DAYTON,6,June,9,9,5,Thursday,2022,17,5:00pm-5:59pm,47,47,CR-32 FREE PIKE,CR-53 GETTYSBURG AVE,4,County Road,2,Urban,4,Minor Arterial,2,County Highway Agency,0,This section IS NOT on the NHS,0,No Special Jurisdiction,0,None,39.79798056,39.79798056,-84.25516111,-84.25516111,12,Motor Vehicle In-Transport,6,Angle,0,No,2,Intersection,2,Four-Way Intersection,1,On Roadway,0,None,1,Daylight,1,Clear,0,No,0000000,Not Applicable,17,5:00pm-5:59pm,49,49,17,5:00pm-5:59pm,57,57,18,6:00pm-6:59pm,15,15,1