STATE,STATENAME,ST_CASE,PEDS,PERNOTMVIT,VE_TOTAL,VE_FORMS,PVH_INVL,PERSONS,PERMVIT,COUNTY,COUNTYNAME,CITY,CITYNAME,MONTH,MONTHNAME,DAY,DAYNAME,DAY_WEEK,DAY_WEEKNAME,YEAR,HOUR,HOURNAME,MINUTE,MINUTENAME,TWAY_ID,TWAY_ID2,ROUTE,ROUTENAME,RUR_URB,RUR_URBNAME,FUNC_SYS,FUNC_SYSNAME,RD_OWNER,RD_OWNERNAME,NHS,NHSNAME,SP_JUR,SP_JURNAME,MILEPT,MILEPTNAME,LATITUDE,LATITUDENAME,LONGITUD,LONGITUDNAME,HARM_EV,HARM_EVNAME,MAN_COLL,MAN_COLLNAME,RELJCT1,RELJCT1NAME,RELJCT2,RELJCT2NAME,TYP_INT,TYP_INTNAME,REL_ROAD,REL_ROADNAME,WRK_ZONE,WRK_ZONENAME,LGT_COND,LGT_CONDNAME,WEATHER,WEATHERNAME,SCH_BUS,SCH_BUSNAME,RAIL,RAILNAME,NOT_HOUR,NOT_HOURNAME,NOT_MIN,NOT_MINNAME,ARR_HOUR,ARR_HOURNAME,ARR_MIN,ARR_MINNAME,HOSP_HR,HOSP_HRNAME,HOSP_MN,HOSP_MNNAME,FATALS
39,Ohio,390564,0,0,2,2,0,3,3,25,CLERMONT (25),0,NOT APPLICABLE,7,July,13,13,4,Wednesday,2022,15,3:00pm-3:59pm,54,54,CR-133 WOODVILLE PIKE,TR-169 BELFAST RD,4,County Road,2,Urban,5,Major Collector,2,County Highway Agency,0,This section IS NOT on the NHS,0,No Special Jurisdiction,0,None,39.20835,39.20835,-84.16594444,-84.16594444,12,Motor Vehicle In-Transport,6,Angle,0,No,2,Intersection,3,T-Intersection,1,On Roadway,0,None,1,Daylight,1,Clear,0,No,0000000,Not Applicable,15,3:00pm-3:59pm,48,48,15,3:00pm-3:59pm,53,53,16,4:00pm-4:59pm,36,36,2
39,Ohio,390565,0,0,2,2,0,3,3,7,ASHTABULA (7),0,NOT APPLICABLE,7,July,15,15,6,Friday,2022,8,8:00am-8:59am,22,22,SR-307,NA,3,State Highway,1,Rural,5,Major Collector,1,State Highway Agency,0,This section IS NOT on the NHS,0,No Special Jurisdiction,162,162,41.712375,41.712375,-80.7306,-80.7306,12,Motor Vehicle In-Transport,2,Front-to-Front,0,No,1,Non-Junction,1,Not an Intersection,1,On Roadway,0,None,1,Daylight,1,Clear,0,No,0000000,Not Applicable,8,8:00am-8:59am,36,36,8,8:00am-8:59am,54,54,9,9:00am-9:59am,36,36,1
39,Ohio,390566,0,0,2,2,0,4,4,25,CLERMONT (25),0,NOT APPLICABLE,7,July,21,21,5,Thursday,2022,13,1:00pm-1:59pm,35,35,SR-133,NA,3,State Highway,1,Rural,5,Major Collector,1,State Highway Agency,0,This section IS NOT on the NHS,0,No Special Jurisdiction,80,80,38.88963056,38.88963056,-84.09190278,-84.09190278,12,Motor Vehicle In-Transport,6,Angle,0,No,1,Non-Junction,1,Not an Intersection,1,On Roadway,0,None,1,Daylight,1,Clear,0,No,0000000,Not Applicable,13,1:00pm-1:59pm,46,46,14,2:00pm-2:59pm,8,8,14,2:00pm-2:59pm,41,41,1
39,Ohio,390567,0,0,2,2,0,2,2,71,HIGHLAND (71),0,NOT APPLICABLE,7,July,19,19,3,Tuesday,2022,15,3:00pm-3:59pm,41,41,US-50,DANVILLE RD CR-6,2,US Highway,1,Rural,4,Minor Arterial,1,State Highway Agency,0,This section IS NOT on the NHS,0,No Special Jurisdiction,74,74,39.20431667,39.20431667,-83.72989167,-83.72989167,12,Motor Vehicle In-Transport,6,Angle,0,No,2,Intersection,2,Four-Way Intersection,1,On Roadway,0,None,1,Daylight,1,Clear,0,No,0000000,Not Applicable,15,3:00pm-3:59pm,47,47,15,3:00pm-3:59pm,56,56,16,4:00pm-4:59pm,19,19,1
39,Ohio,390568,0,0,2,2,0,2,2,173,WOOD (173),920,BOWLING GREEN,7,July,19,19,3,Tuesday,2022,14,2:00pm-2:59pm,30,30,TR-98 BRIM RD,NEWTON RD,5,Local Street - Township,2,Urban,5,Major Collector,3,Town or Township Highway Agency,0,This section IS NOT on the NHS,0,No Special Jurisdiction,0,None,41.40066389,41.40066389,-83.66478889,-83.66478889,12,Motor Vehicle In-Transport,6,Angle,0,No,2,Intersection,2,Four-Way Intersection,1,On Roadway,0,None,1,Daylight,1,Clear,0,No,0000000,Not Applicable,14,2:00pm-2:59pm,30,30,14,2:00pm-2:59pm,36,36,88,Not Applicable (Not Transported),88,Not Applicable (Not Transported),1
39,Ohio,390569,0,0,2,2,0,2,2,35,CUYAHOGA (35),1680,CLEVELAND,6,June,12,12,1,Sunday,2022,20,8:00pm-8:59pm,3,3,CR-43 HARVARD AV,NA,4,County Road,2,Urban,4,Minor Arterial,2,County Highway Agency,0,This section IS NOT on the NHS,0,No Special Jurisdiction,0,None,41.449875,41.449875,-81.56443333,-81.56443333,12,Motor Vehicle In-Transport,7,Sideswipe - Same Direction,0,No,1,Non-Junction,1,Not an Intersection,1,On Roadway,0,None,1,Daylight,10,Cloudy,0,No,0000000,Not Applicable,20,8:00pm-8:59pm,5,5,20,8:00pm-8:59pm,18,18,88,Not Applicable (Not Transported),88,Not Applicable (Not Transported),1
39,Ohio,390570,0,0,2,2,0,3,3,37,DARKE (37),0,NOT APPLICABLE,7,July,20,20,4,Wednesday,2022,15,3:00pm-3:59pm,15,15,SR-49,NA,3,State Highway,1,Rural,3,Principal Arterial - Other,1,State Highway Agency,1,This section IS ON the NHS,0,No Special Jurisdiction,88,88,40.01651944,40.01651944,-84.54696111,-84.54696111,12,Motor Vehicle In-Transport,6,Angle,0,No,1,Non-Junction,1,Not an Intersection,1,On Roadway,0,None,1,Daylight,1,Clear,0,No,0000000,Not Applicable,15,3:00pm-3:59pm,17,17,16,4:00pm-4:59pm,28,28,16,4:00pm-4:59pm,41,41,2
39,Ohio,390571,0,0,2,2,0,3,3,37,DARKE (37),0,NOT APPLICABLE,7,July,24,24,1,Sunday,2022,0,0:00am-0:59am,38,38,US-127,NA,2,US Highway,1,Rural,4,Minor Arterial,1,State Highway Agency,0,This section IS NOT on the NHS,0,No Special Jurisdiction,71,71,40.01752778,40.01752778,-84.63403889,-84.63403889,12,Motor Vehicle In-Transport,2,Front-to-Front,0,No,1,Non-Junction,1,Not an Intersection,1,On Roadway,0,None,2,Dark - Not Lighted,1,Clear,0,No,0000000,Not Applicable,0,0:00am-0:59am,40,40,0,0:00am-0:59am,50,50,1,1:00am-1:59am,10,10,2
39,Ohio,390572,0,0,1,1,0,2,2,151,STARK (151),0,NOT APPLICABLE,7,July,17,17,1,Sunday,2022,0,0:00am-0:59am,44,44,CR-314 ALABAMA AV,NA,4,County Road,1,Rural,6,Minor Collector,2,County Highway Agency,0,This section IS NOT on the NHS,0,No Special Jurisdiction,0,None,40.83533889,40.83533889,-81.62892222,-81.62892222,53,Mail Box,0,The First Harmful Event was Not a Collision with a Motor Vehicle in Transport,0,No,1,Non-Junction,1,Not an Intersection,4,On Roadside,0,None,2,Dark - Not Lighted,2,Rain,0,No,0000000,Not Applicable,0,0:00am-0:59am,43,43,0,0:00am-0:59am,51,51,1,1:00am-1:59am,20,20,1
39,Ohio,390573,1,1,1,1,0,1,1,3,ALLEN (3),4220,LIMA,7,July,18,18,2,Monday,2022,20,8:00pm-8:59pm,19,19,HARRISON AV,NA,6,Local Street - Municipality,2,Urban,7,Local,4,City or Municipal Highway Agency,0,This section IS NOT on the NHS,0,No Special Jurisdiction,0,None,40.73689167,40.73689167,-84.09403056,-84.09403056,8,Pedestrian,0,The First Harmful Event was Not a Collision with a Motor Vehicle in Transport,0,No,1,Non-Junction,1,Not an Intersection,2,On Shoulder,0,None,1,Daylight,1,Clear,0,No,0000000,Not Applicable,20,8:00pm-8:59pm,19,19,20,8:00pm-8:59pm,22,22,20,8:00pm-8:59pm,29,29,1
39,Ohio,390574,0,0,1,1,0,3,3,49,FRANKLIN (49),1800,COLUMBUS,7,July,24,24,1,Sunday,2022,20,8:00pm-8:59pm,19,19,5TH AV,NA,6,Local Street - Municipality,2,Urban,4,Minor Arterial,4,City or Municipal Highway Agency,0,This section IS NOT on the NHS,0,No Special Jurisdiction,0,None,39.98618056,39.98618056,-82.981025,-82.981025,30,Utility Pole/Light Support,0,The First Harmful Event was Not a Collision with a Motor Vehicle in Transport,0,No,1,Non-Junction,1,Not an Intersection,4,On Roadside,0,None,1,Daylight,1,Clear,0,No,0000000,Not Applicable,20,8:00pm-8:59pm,21,21,20,8:00pm-8:59pm,25,25,20,8:00pm-8:59pm,38,38,2
39,Ohio,390575,1,1,1,1,0,1,1,35,CUYAHOGA (35),6910,RICHMOND HTS,7,July,5,5,3,Tuesday,2022,22,10:00pm-10:59pm,41,41,CR-47 HIGHLAND RD,NA,4,County Road,2,Urban,4,Minor Arterial,2,County Highway Agency,0,This section IS NOT on the NHS,0,No Special Jurisdiction,0,None,41.55276944,41.55276944,-81.51191944,-81.51191944,8,Pedestrian,0,The First Harmful Event was Not a Collision with a Motor Vehicle in Transport,0,No,1,Non-Junction,1,Not an Intersection,1,On Roadway,0,None,3,Dark - Lighted,1,Clear,0,No,0000000,Not Applicable,22,10:00pm-10:59pm,42,42,22,10:00pm-10:59pm,46,46,23,11:00pm-11:59pm,5,5,1
39,Ohio,390576,0,0,1,1,0,1,1,119,MUSKINGUM (119),0,NOT APPLICABLE,7,July,1,1,6,Friday,2022,2,2:00am-2:59am,42,42,CR-71 COOPERMILL RD,NA,4,County Road,1,Rural,7,Local,2,County Highway Agency,0,This section IS NOT on the NHS,0,No Special Jurisdiction,0,None,39.91485833,39.91485833,-82.10938333,-82.10938333,34,Ditch,0,The First Harmful Event was Not a Collision with a Motor Vehicle in Transport,0,No,1,Non-Junction,1,Not an Intersection,4,On Roadside,0,None,2,Dark - Not Lighted,1,Clear,0,No,0000000,Not Applicable,2,2:00am-2:59am,41,41,2,2:00am-2:59am,54,54,4,4:00am-4:59am,3,3,1
39,Ohio,390577,0,0,1,1,0,2,2,165,WARREN (165),0,NOT APPLICABLE,7,July,15,15,6,Friday,2022,19,7:00pm-7:59pm,50,50,SR-28,NA,3,State Highway,1,Rural,5,Major Collector,1,State Highway Agency,0,This section IS NOT on the NHS,0,No Special Jurisdiction,50,50,39.28710278,39.28710278,-84.00559167,-84.00559167,1,Rollover/Overturn,0,The First Harmful Event was Not a Collision with a Motor Vehicle in Transport,0,No,1,Non-Junction,1,Not an Intersection,1,On Roadway,0,None,1,Daylight,1,Clear,0,No,0000000,Not Applicable,19,7:00pm-7:59pm,56,56,20,8:00pm-8:59pm,18,18,20,8:00pm-8:59pm,52,52,1
39,Ohio,390578,1,1,1,1,0,1,1,25,CLERMONT (25),0,NOT APPLICABLE,7,July,15,15,6,Friday,2022,22,10:00pm-10:59pm,3,3,CR-21 BRANCH HILL GUINEA  PI,TR-163 EPWORTH,4,County Road,2,Urban,4,Minor Arterial,2,County Highway Agency,0,This section IS NOT on the NHS,0,No Special Jurisdiction,0,None,39.24256111,39.24256111,-84.28114444,-84.28114444,8,Pedestrian,0,The First Harmful Event was Not a Collision with a Motor Vehicle in Transport,0,No,3,Intersection-Related,3,T-Intersection,1,On Roadway,0,None,2,Dark - Not Lighted,10,Cloudy,0,No,0000000,Not Applicable,22,10:00pm-10:59pm,4,4,22,10:00pm-10:59pm,7,7,88,Not Applicable (Not Transported),88,Not Applicable (Not Transported),1
39,Ohio,390579,0,0,1,1,0,1,1,133,PORTAGE (133),0,NOT APPLICABLE,7,July,17,17,1,Sunday,2022,1,1:00am-1:59am,14,14,SR-14,NA,3,State Highway,1,Rural,4,Minor Arterial,1,State Highway Agency,0,This section IS NOT on the NHS,0,No Special Jurisdiction,234,234,41.04501111,41.04501111,-81.07559722,-81.07559722,34,Ditch,0,The First Harmful Event was Not a Collision with a Motor Vehicle in Transport,0,No,1,Non-Junction,1,Not an Intersection,4,On Roadside,0,None,2,Dark - Not Lighted,1,Clear,0,No,0000000,Not Applicable,1,1:00am-1:59am,15,15,1,1:00am-1:59am,27,27,88,Not Applicable (Not Transported),88,Not Applicable (Not Transported),1
39,Ohio,390580,0,0,1,1,0,1,1,5,ASHLAND (5),0,NOT APPLICABLE,7,July,15,15,6,Friday,2022,4,4:00am-4:59am,55,55,CR-30A,NA,4,County Road,1,Rural,6,Minor Collector,2,County Highway Agency,0,This section IS NOT on the NHS,0,No Special Jurisdiction,0,None,40.780825,40.780825,-82.378275,-82.378275,53,Mail Box,0,The First Harmful Event was Not a Collision with a Motor Vehicle in Transport,0,No,1,Non-Junction,1,Not an Intersection,4,On Roadside,0,None,2,Dark - Not Lighted,1,Clear,0,No,0000000,Not Applicable,4,4:00am-4:59am,54,54,5,5:00am-5:59am,2,2,88,Not Applicable (Not Transported),88,Not Applicable (Not Transported),1
39,Ohio,390581,0,0,2,2,0,2,2,27,CLINTON (27),0,NOT APPLICABLE,7,July,15,15,6,Friday,2022,19,7:00pm-7:59pm,47,47,SR-380,NA,3,State Highway,1,Rural,5,Major Collector,1,State Highway Agency,0,This section IS NOT on the NHS,0,No Special Jurisdiction,48,48,39.50376667,39.50376667,-83.94014722,-83.94014722,12,Motor Vehicle In-Transport,2,Front-to-Front,0,No,1,Non-Junction,1,Not an Intersection,1,On Roadway,0,None,1,Daylight,10,Cloudy,0,No,0000000,Not Applicable,19,7:00pm-7:59pm,43,43,19,7:00pm-7:59pm,46,46,22,10:00pm-10:59pm,8,8,1
39,Ohio,390582,0,0,1,1,0,1,1,157,TUSCARAWAS (157),0,NOT APPLICABLE,7,July,15,15,6,Friday,2022,22,10:00pm-10:59pm,20,20,SR-416 SEVEN MILE DR,NA,3,State Highway,2,Urban,4,Minor Arterial,1,State Highway Agency,0,This section IS NOT on the NHS,0,No Special Jurisdiction,132,132,40.51238056,40.51238056,-81.43436111,-81.43436111,59,Traffic Sign Support,0,The First Harmful Event was Not a Collision with a Motor Vehicle in Transport,0,No,1,Non-Junction,1,Not an Intersection,4,On Roadside,0,None,2,Dark - Not Lighted,1,Clear,0,No,0000000,Not Applicable,22,10:00pm-10:59pm,22,22,22,10:00pm-10:59pm,29,29,88,Not Applicable (Not Transported),88,Not Applicable (Not Transported),1
39,Ohio,390583,0,0,2,2,0,2,2,151,STARK (151),0,NOT APPLICABLE,7,July,16,16,7,Saturday,2022,22,10:00pm-10:59pm,43,43,US-30,NA,2,US Highway,2,Urban,2,Principal Arterial - Other Freeways and Expressways,1,State Highway Agency,1,This section IS ON the NHS,0,No Special Jurisdiction,46,46,40.76407778,40.76407778,-81.57031667,-81.57031667,12,Motor Vehicle In-Transport,2,Front-to-Front,0,No,1,Non-Junction,1,Not an Intersection,1,On Roadway,0,None,2,Dark - Not Lighted,10,Cloudy,0,No,0000000,Not Applicable,22,10:00pm-10:59pm,43,43,22,10:00pm-10:59pm,55,55,23,11:00pm-11:59pm,31,31,1
39,Ohio,390584,0,0,2,2,0,2,2,7,ASHTABULA (7),0,NOT APPLICABLE,7,July,19,19,3,Tuesday,2022,17,5:00pm-5:59pm,32,32,SR-531 LAKE RD,SR-45,3,State Highway,2,Urban,4,Minor Arterial,1,State Highway Agency,0,This section IS NOT on the NHS,0,No Special Jurisdiction,264,264,41.88121667,41.88121667,-80.85713333,-80.85713333,12,Motor Vehicle In-Transport,6,Angle,0,No,2,Intersection,3,T-Intersection,1,On Roadway,0,None,1,Daylight,1,Clear,0,No,0000000,Not Applicable,17,5:00pm-5:59pm,30,30,17,5:00pm-5:59pm,30,30,17,5:00pm-5:59pm,50,50,1
39,Ohio,390585,0,0,2,2,0,3,3,57,GREENE (57),0,NOT APPLICABLE,7,July,15,15,6,Friday,2022,5,5:00am-5:59am,30,30,US-35,NA,2,US Highway,1,Rural,2,Principal Arterial - Other Freeways and Expressways,1,State Highway Agency,1,This section IS ON the NHS,0,No Special Jurisdiction,227,227,39.67030278,39.67030278,-83.73543611,-83.73543611,12,Motor Vehicle In-Transport,1,Front-to-Rear,1,Yes,18,Through Roadway,1,Not an Intersection,1,On Roadway,0,None,2,Dark - Not Lighted,10,Cloudy,0,No,0000000,Not Applicable,5,5:00am-5:59am,38,38,5,5:00am-5:59am,50,50,88,Not Applicable (Not Transported),88,Not Applicable (Not Transported),2
39,Ohio,390586,0,0,4,4,0,7,7,41,DELAWARE (41),0,NOT APPLICABLE,7,July,20,20,4,Wednesday,2022,12,12:00pm-12:59pm,34,34,SR-315 OLENTANGY RIVER RD,NA,3,State Highway,2,Urban,4,Minor Arterial,1,State Highway Agency,0,This section IS NOT on the NHS,0,No Special Jurisdiction,3,3,40.14251111,40.14251111,-83.04013611,-83.04013611,12,Motor Vehicle In-Transport,1,Front-to-Rear,0,No,1,Non-Junction,1,Not an Intersection,1,On Roadway,0,None,1,Daylight,10,Cloudy,0,No,0000000,Not Applicable,12,12:00pm-12:59pm,36,36,12,12:00pm-12:59pm,43,43,12,12:00pm-12:59pm,59,59,1
39,Ohio,390587,0,0,2,2,0,4,4,59,GUERNSEY (59),0,NOT APPLICABLE,7,July,20,20,4,Wednesday,2022,16,4:00pm-4:59pm,3,3,SR-513,NA,3,State Highway,1,Rural,5,Major Collector,1,State Highway Agency,0,This section IS NOT on the NHS,0,No Special Jurisdiction,83,83,40.05104722,40.05104722,-81.31902222,-81.31902222,12,Motor Vehicle In-Transport,2,Front-to-Front,0,No,1,Non-Junction,1,Not an Intersection,1,On Roadway,0,None,1,Daylight,1,Clear,0,No,0000000,Not Applicable,16,4:00pm-4:59pm,26,26,16,4:00pm-4:59pm,57,57,18,6:00pm-6:59pm,2,2,1
39,Ohio,390588,0,0,1,1,0,2,2,3,ALLEN (3),0,NOT APPLICABLE,7,July,17,17,1,Sunday,2022,12,12:00pm-12:59pm,48,48,I-75,NA,1,Interstate,2,Urban,1,Interstate,1,State Highway Agency,1,This section IS ON the NHS,0,No Special Jurisdiction,83,83,40.74792778,40.74792778,-84.075725,-84.075725,1,Rollover/Overturn,0,The First Harmful Event was Not a Collision with a Motor Vehicle in Transport,0,No,1,Non-Junction,1,Not an Intersection,1,On Roadway,0,None,1,Daylight,2,Rain,0,No,0000000,Not Applicable,13,1:00pm-1:59pm,52,52,13,1:00pm-1:59pm,56,56,14,2:00pm-2:59pm,17,17,1
39,Ohio,390589,0,0,1,1,0,1,1,153,SUMMIT (153),70,AKRON,7,July,22,22,6,Friday,2022,22,10:00pm-10:59pm,23,23,GOODYEAR BL,NA,6,Local Street - Municipality,2,Urban,7,Local,4,City or Municipal Highway Agency,0,This section IS NOT on the NHS,0,No Special Jurisdiction,0,None,41.07048611,41.07048611,-81.471775,-81.471775,1,Rollover/Overturn,0,The First Harmful Event was Not a Collision with a Motor Vehicle in Transport,0,No,1,Non-Junction,1,Not an Intersection,1,On Roadway,0,None,3,Dark - Lighted,1,Clear,0,No,0000000,Not Applicable,22,10:00pm-10:59pm,26,26,22,10:00pm-10:59pm,31,31,22,10:00pm-10:59pm,46,46,1
39,Ohio,390590,0,0,2,2,0,2,2,153,SUMMIT (153),0,NOT APPLICABLE,7,July,12,12,3,Tuesday,2022,15,3:00pm-3:59pm,59,59,SR-18 AKRON MEDINA RD,NA,3,State Highway,2,Urban,3,Principal Arterial - Other,1,State Highway Agency,1,This section IS ON the NHS,0,No Special Jurisdiction,3,3,41.13586944,41.13586944,-81.67961111,-81.67961111,12,Motor Vehicle In-Transport,2,Front-to-Front,0,No,1,Non-Junction,1,Not an Intersection,1,On Roadway,0,None,1,Daylight,1,Clear,0,No,0000000,Not Applicable,16,4:00pm-4:59pm,1,1,16,4:00pm-4:59pm,6,6,88,Not Applicable (Not Transported),88,Not Applicable (Not Transported),1
39,Ohio,390591,0,0,2,2,0,2,2,173,WOOD (173),0,NOT APPLICABLE,7,July,22,22,6,Friday,2022,15,3:00pm-3:59pm,0,0,TR-111 LEMOYNE RD,TR-277 REES RD,5,Local Street - Township,1,Rural,7,Local,3,Town or Township Highway Agency,0,This section IS NOT on the NHS,0,No Special Jurisdiction,0,None,41.41376111,41.41376111,-83.47383056,-83.47383056,12,Motor Vehicle In-Transport,6,Angle,0,No,2,Intersection,2,Four-Way Intersection,1,On Roadway,0,None,1,Daylight,1,Clear,0,No,0000000,Not Applicable,15,3:00pm-3:59pm,5,5,15,3:00pm-3:59pm,8,8,88,Not Applicable (Not Transported),88,Not Applicable (Not Transported),1
39,Ohio,390592,0,0,1,1,0,1,1,17,BUTLER (17),3260,HAMILTON,6,June,7,7,3,Tuesday,2022,23,11:00pm-11:59pm,4,4,CR-27 EATON AV,NA,4,County Road,2,Urban,5,Major Collector,2,County Highway Agency,0,This section IS NOT on the NHS,0,No Special Jurisdiction,0,None,39.43333056,39.43333056,-84.58079167,-84.58079167,32,Culvert,0,The First Harmful Event was Not a Collision with a Motor Vehicle in Transport,0,No,1,Non-Junction,1,Not an Intersection,4,On Roadside,0,None,3,Dark - Lighted,1,Clear,0,No,0000000,Not Applicable,23,11:00pm-11:59pm,4,4,23,11:00pm-11:59pm,10,10,88,Not Applicable (Not Transported),88,Not Applicable (Not Transported),1
39,Ohio,390593,4,4,1,1,0,1,1,103,MEDINA (103),0,NOT APPLICABLE,5,May,4,4,4,Wednesday,2022,8,8:00am-8:59am,0,0,SR-18 NORWALK RD,NA,3,State Highway,1,Rural,3,Principal Arterial - Other,1,State Highway Agency,1,This section IS ON the NHS,0,No Special Jurisdiction,4,4,41.16805,41.16805,-82.06508333,-82.06508333,49,Ridden Animal or Animal Drawn Conveyance,0,The First Harmful Event was Not a Collision with a Motor Vehicle in Transport,0,No,1,Non-Junction,1,Not an Intersection,1,On Roadway,0,None,1,Daylight,2,Rain,0,No,0000000,Not Applicable,8,8:00am-8:59am,7,7,8,8:00am-8:59am,15,15,8,8:00am-8:59am,50,50,1
39,Ohio,390594,0,0,1,1,0,1,1,49,FRANKLIN (49),8940,WHITEHALL,6,June,3,3,6,Friday,2022,2,2:00am-2:59am,13,13,SR-317,NA,3,State Highway,2,Urban,3,Principal Arterial - Other,1,State Highway Agency,1,This section IS ON the NHS,0,No Special Jurisdiction,149,149,39.97291111,39.97291111,-82.87488889,-82.87488889,18,Other Object (not fixed),0,The First Harmful Event was Not a Collision with a Motor Vehicle in Transport,0,No,1,Non-Junction,1,Not an Intersection,1,On Roadway,0,None,3,Dark - Lighted,1,Clear,0,No,0000000,Not Applicable,2,2:00am-2:59am,13,13,2,2:00am-2:59am,19,19,88,Not Applicable (Not Transported),88,Not Applicable (Not Transported),1
39,Ohio,390595,1,1,1,1,0,1,1,153,SUMMIT (153),70,AKRON,7,July,20,20,4,Wednesday,2022,5,5:00am-5:59am,34,34,I-77,NA,1,Interstate,2,Urban,1,Interstate,1,State Highway Agency,1,This section IS ON the NHS,0,No Special Jurisdiction,161,161,41.07015833,41.07015833,-81.57400556,-81.57400556,8,Pedestrian,0,The First Harmful Event was Not a Collision with a Motor Vehicle in Transport,0,No,1,Non-Junction,1,Not an Intersection,1,On Roadway,0,None,4,Dawn,1,Clear,0,No,0000000,Not Applicable,99,Unknown,98,Unknown if Notified,99,Unknown EMS Scene Arrival Hour,98,Unknown if Arrived,88,Not Applicable (Not Transported),88,Not Applicable (Not Transported),1
39,Ohio,390596,0,0,2,2,0,2,2,171,WILLIAMS (171),0,NOT APPLICABLE,7,July,23,23,7,Saturday,2022,19,7:00pm-7:59pm,16,16,SR-49,CR-40 COUNTY H ROAD,3,State Highway,1,Rural,5,Major Collector,1,State Highway Agency,0,This section IS NOT on the NHS,0,No Special Jurisdiction,77,77,41.52743889,41.52743889,-84.76887778,-84.76887778,12,Motor Vehicle In-Transport,6,Angle,0,No,2,Intersection,2,Four-Way Intersection,1,On Roadway,0,None,1,Daylight,1,Clear,0,No,0000000,Not Applicable,19,7:00pm-7:59pm,15,15,19,7:00pm-7:59pm,19,19,20,8:00pm-8:59pm,8,8,1
39,Ohio,390597,1,1,1,1,0,1,1,35,CUYAHOGA (35),572,BEDFORD HEIGHTS,6,June,5,5,1,Sunday,2022,22,10:00pm-10:59pm,28,28,I-271,NA,1,Interstate,2,Urban,1,Interstate,1,State Highway Agency,1,This section IS ON the NHS,0,No Special Jurisdiction,37,37,41.40369722,41.40369722,-81.50669444,-81.50669444,8,Pedestrian,0,The First Harmful Event was Not a Collision with a Motor Vehicle in Transport,0,No,1,Non-Junction,1,Not an Intersection,1,On Roadway,0,None,2,Dark - Not Lighted,1,Clear,0,No,0000000,Not Applicable,22,10:00pm-10:59pm,43,43,22,10:00pm-10:59pm,50,50,88,Not Applicable (Not Transported),88,Not Applicable (Not Transported),1
39,Ohio,390598,0,0,2,2,0,2,2,109,MIAMI (109),0,NOT APPLICABLE,5,May,16,16,2,Monday,2022,8,8:00am-8:59am,42,42,CR-25A,NA,4,County Road,2,Urban,4,Minor Arterial,2,County Highway Agency,0,This section IS NOT on the NHS,0,No Special Jurisdiction,0,None,40.0867,40.0867,-84.22336944,-84.22336944,12,Motor Vehicle In-Transport,1,Front-to-Rear,0,No,8,Driveway Access Related,1,Not an Intersection,1,On Roadway,0,None,1,Daylight,10,Cloudy,0,No,0000000,Not Applicable,8,8:00am-8:59am,43,43,8,8:00am-8:59am,50,50,9,9:00am-9:59am,8,8,1
39,Ohio,390599,1,1,1,1,0,1,1,113,MONTGOMERY (113),2090,DAYTON,6,June,9,9,5,Thursday,2022,21,9:00pm-9:59pm,29,29,PATTERSON RD,White Oak DR,6,Local Street - Municipality,2,Urban,4,Minor Arterial,4,City or Municipal Highway Agency,0,This section IS NOT on the NHS,0,No Special Jurisdiction,0,None,39.72397222,39.72397222,-84.14873889,-84.14873889,8,Pedestrian,0,The First Harmful Event was Not a Collision with a Motor Vehicle in Transport,0,No,3,Intersection-Related,2,Four-Way Intersection,1,On Roadway,0,None,3,Dark - Lighted,1,Clear,0,No,0000000,Not Applicable,21,9:00pm-9:59pm,30,30,21,9:00pm-9:59pm,35,35,21,9:00pm-9:59pm,58,58,1
39,Ohio,390600,0,0,1,1,0,1,1,35,CUYAHOGA (35),1680,CLEVELAND,7,July,9,9,7,Saturday,2022,2,2:00am-2:59am,46,46,I-480,NA,1,Interstate,2,Urban,1,Interstate,1,State Highway Agency,1,This section IS ON the NHS,0,No Special Jurisdiction,229,229,41.42476111,41.42476111,-81.55508889,-81.55508889,25,Concrete Traffic Barrier,0,The First Harmful Event was Not a Collision with a Motor Vehicle in Transport,0,No,1,Non-Junction,1,Not an Intersection,3,On Median,0,None,3,Dark - Lighted,1,Clear,0,No,0000000,Not Applicable,2,2:00am-2:59am,46,46,2,2:00am-2:59am,52,52,88,Not Applicable (Not Transported),88,Not Applicable (Not Transported),1
39,Ohio,390601,0,0,3,3,0,6,6,35,CUYAHOGA (35),1680,CLEVELAND,7,July,7,7,5,Thursday,2022,2,2:00am-2:59am,42,42,SR-14 BROADWAY AV,CR-766 AETNA RD,3,State Highway,2,Urban,3,Principal Arterial - Other,1,State Highway Agency,1,This section IS ON the NHS,0,No Special Jurisdiction,39,39,41.46127222,41.46127222,-81.64236944,-81.64236944,12,Motor Vehicle In-Transport,7,Sideswipe - Same Direction,0,No,3,Intersection-Related,2,Four-Way Intersection,1,On Roadway,0,None,3,Dark - Lighted,10,Cloudy,0,No,0000000,Not Applicable,2,2:00am-2:59am,47,47,2,2:00am-2:59am,51,51,3,3:00am-3:59am,9,9,2
39,Ohio,390602,1,1,2,2,0,2,2,35,CUYAHOGA (35),1680,CLEVELAND,7,July,5,5,3,Tuesday,2022,0,0:00am-0:59am,27,27,CR-382 55TH ST,CR-723 LINWOOD AV,4,County Road,2,Urban,4,Minor Arterial,2,County Highway Agency,0,This section IS NOT on the NHS,0,No Special Jurisdiction,0,None,41.51201111,41.51201111,-81.651875,-81.651875,8,Pedestrian,0,The First Harmful Event was Not a Collision with a Motor Vehicle in Transport,0,No,3,Intersection-Related,3,T-Intersection,1,On Roadway,0,None,3,Dark - Lighted,10,Cloudy,0,No,0000000,Not Applicable,0,0:00am-0:59am,30,30,0,0:00am-0:59am,31,31,0,0:00am-0:59am,46,46,1