STATE,STATENAME,ST_CASE,PEDS,PERNOTMVIT,VE_TOTAL,VE_FORMS,PVH_INVL,PERSONS,PERMVIT,COUNTY,COUNTYNAME,CITY,CITYNAME,MONTH,MONTHNAME,DAY,DAYNAME,DAY_WEEK,DAY_WEEKNAME,YEAR,HOUR,HOURNAME,MINUTE,MINUTENAME,TWAY_ID,TWAY_ID2,ROUTE,ROUTENAME,RUR_URB,RUR_URBNAME,FUNC_SYS,FUNC_SYSNAME,RD_OWNER,RD_OWNERNAME,NHS,NHSNAME,SP_JUR,SP_JURNAME,MILEPT,MILEPTNAME,LATITUDE,LATITUDENAME,LONGITUD,LONGITUDNAME,HARM_EV,HARM_EVNAME,MAN_COLL,MAN_COLLNAME,RELJCT1,RELJCT1NAME,RELJCT2,RELJCT2NAME,TYP_INT,TYP_INTNAME,REL_ROAD,REL_ROADNAME,WRK_ZONE,WRK_ZONENAME,LGT_COND,LGT_CONDNAME,WEATHER,WEATHERNAME,SCH_BUS,SCH_BUSNAME,RAIL,RAILNAME,NOT_HOUR,NOT_HOURNAME,NOT_MIN,NOT_MINNAME,ARR_HOUR,ARR_HOURNAME,ARR_MIN,ARR_MINNAME,HOSP_HR,HOSP_HRNAME,HOSP_MN,HOSP_MNNAME,FATALS
39,Ohio,390641,0,0,2,2,0,2,2,61,HAMILTON (61),0,NOT APPLICABLE,5,May,9,9,2,Monday,2022,9,9:00am-9:59am,1,1,SR-4 VINE ST,TR-20 LAUREL ST,3,State Highway,2,Urban,3,Principal Arterial - Other,1,State Highway Agency,1,This section IS ON the NHS,0,No Special Jurisdiction,36,36,39.20797222,39.20797222,-84.47460278,-84.47460278,12,Motor Vehicle In-Transport,7,Sideswipe - Same Direction,0,No,3,Intersection-Related,3,T-Intersection,1,On Roadway,0,None,1,Daylight,1,Clear,0,No,0000000,Not Applicable,9,9:00am-9:59am,1,1,9,9:00am-9:59am,9,9,9,9:00am-9:59am,27,27,1
39,Ohio,390643,0,0,2,2,0,2,2,35,CUYAHOGA (35),1030,BROOKLYN,8,August,1,1,2,Monday,2022,20,8:00pm-8:59pm,40,40,CR-200 TIEDEMAN RD,I-480 EXIT RAMP,4,County Road,2,Urban,4,Minor Arterial,2,County Highway Agency,0,This section IS NOT on the NHS,0,No Special Jurisdiction,0,None,41.42676111,41.42676111,-81.76155556,-81.76155556,12,Motor Vehicle In-Transport,6,Angle,1,Yes,2,Intersection,2,Four-Way Intersection,1,On Roadway,0,None,5,Dusk,1,Clear,0,No,0000000,Not Applicable,99,Unknown,99,Unknown,99,Unknown EMS Scene Arrival Hour,99,Unknown EMS Scene Arrival Minutes,99,Unknown,99,Unknown EMS Hospital Arrival Time,1
39,Ohio,390644,0,0,1,1,0,1,1,99,MAHONING (99),9230,YOUNGSTOWN,6,June,25,25,7,Saturday,2022,1,1:00am-1:59am,3,3,CR-155 SOUTHERN BLVD,LUCIUS AVE,4,County Road,2,Urban,4,Minor Arterial,2,County Highway Agency,0,This section IS NOT on the NHS,0,No Special Jurisdiction,0,None,41.06623889,41.06623889,-80.65656944,-80.65656944,43,Other Fixed Object,0,The First Harmful Event was Not a Collision with a Motor Vehicle in Transport,0,No,3,Intersection-Related,2,Four-Way Intersection,4,On Roadside,0,None,3,Dark - Lighted,1,Clear,0,No,0000000,Not Applicable,1,1:00am-1:59am,6,6,1,1:00am-1:59am,7,7,1,1:00am-1:59am,31,31,1
39,Ohio,390645,0,0,1,1,0,1,1,99,MAHONING (99),0,NOT APPLICABLE,7,July,17,17,1,Sunday,2022,22,10:00pm-10:59pm,0,0,I-76,NA,1,Interstate,1,Rural,1,Interstate,31,State Toll Road,1,This section IS ON the NHS,0,No Special Jurisdiction,183,183,40.93885556,40.93885556,-80.58272778,-80.58272778,1,Rollover/Overturn,0,The First Harmful Event was Not a Collision with a Motor Vehicle in Transport,1,Yes,19,Other location within Interchange Area,1,Not an Intersection,3,On Median,4,"Work Zone, Type Unknown",3,Dark - Lighted,2,Rain,0,No,0000000,Not Applicable,22,10:00pm-10:59pm,5,5,22,10:00pm-10:59pm,19,19,88,Not Applicable (Not Transported),88,Not Applicable (Not Transported),1
39,Ohio,390646,1,1,2,2,0,1,1,95,LUCAS (95),0,NOT APPLICABLE,7,July,29,29,6,Friday,2022,21,9:00pm-9:59pm,28,28,I-475,NA,1,Interstate,2,Urban,1,Interstate,1,State Highway Agency,1,This section IS ON the NHS,0,No Special Jurisdiction,111,111,41.68973056,41.68973056,-83.66894167,-83.66894167,12,Motor Vehicle In-Transport,1,Front-to-Rear,0,No,1,Non-Junction,1,Not an Intersection,1,On Roadway,0,None,3,Dark - Lighted,1,Clear,0,No,0000000,Not Applicable,21,9:00pm-9:59pm,28,28,21,9:00pm-9:59pm,35,35,88,Not Applicable (Not Transported),88,Not Applicable (Not Transported),1
39,Ohio,390647,0,0,2,2,0,2,2,79,JACKSON (79),0,NOT APPLICABLE,7,July,29,29,6,Friday,2022,19,7:00pm-7:59pm,43,43,CR-45 ERWIN RD,TR-31S HAMBRICK RD,4,County Road,1,Rural,6,Minor Collector,2,County Highway Agency,0,This section IS NOT on the NHS,0,No Special Jurisdiction,0,None,38.98358333,38.98358333,-82.55185556,-82.55185556,12,Motor Vehicle In-Transport,2,Front-to-Front,0,No,2,Intersection,3,T-Intersection,1,On Roadway,0,None,1,Daylight,1,Clear,0,No,0000000,Not Applicable,19,7:00pm-7:59pm,40,40,19,7:00pm-7:59pm,52,52,20,8:00pm-8:59pm,22,22,1
39,Ohio,390648,0,0,1,1,0,1,1,117,MORROW (117),0,NOT APPLICABLE,7,July,30,30,7,Saturday,2022,4,4:00am-4:59am,43,43,CR-24,NA,4,County Road,1,Rural,7,Local,2,County Highway Agency,0,This section IS NOT on the NHS,0,No Special Jurisdiction,0,None,40.4412,40.4412,-82.84803611,-82.84803611,38,Fence,0,The First Harmful Event was Not a Collision with a Motor Vehicle in Transport,0,No,1,Non-Junction,1,Not an Intersection,4,On Roadside,0,None,2,Dark - Not Lighted,1,Clear,0,No,0000000,Not Applicable,4,4:00am-4:59am,37,37,4,4:00am-4:59am,47,47,88,Not Applicable (Not Transported),88,Not Applicable (Not Transported),1
39,Ohio,390649,0,0,1,1,0,1,1,117,MORROW (117),0,NOT APPLICABLE,8,August,3,3,4,Wednesday,2022,10,10:00am-10:59am,33,33,TR-21,NA,5,Local Street - Township,1,Rural,7,Local,3,Town or Township Highway Agency,0,This section IS NOT on the NHS,0,No Special Jurisdiction,0,None,40.41133611,40.41133611,-82.80978611,-82.80978611,42,Tree (Standing Only),0,The First Harmful Event was Not a Collision with a Motor Vehicle in Transport,0,No,1,Non-Junction,1,Not an Intersection,4,On Roadside,0,None,1,Daylight,1,Clear,0,No,0000000,Not Applicable,10,10:00am-10:59am,31,31,10,10:00am-10:59am,36,36,11,11:00am-11:59am,10,10,1
39,Ohio,390650,0,0,1,1,0,2,2,79,JACKSON (79),8670,WELLSTON,7,July,30,30,7,Saturday,2022,23,11:00pm-11:59pm,3,3,SR-327 PENNSYLVANIA AV,NA,3,State Highway,2,Urban,4,Minor Arterial,1,State Highway Agency,0,This section IS NOT on the NHS,0,No Special Jurisdiction,79,79,39.09776389,39.09776389,-82.53739722,-82.53739722,52,Guardrail End,0,The First Harmful Event was Not a Collision with a Motor Vehicle in Transport,0,No,1,Non-Junction,1,Not an Intersection,4,On Roadside,0,None,2,Dark - Not Lighted,1,Clear,0,No,0000000,Not Applicable,22,10:00pm-10:59pm,58,58,23,11:00pm-11:59pm,5,5,23,11:00pm-11:59pm,36,36,1
39,Ohio,390651,0,0,1,1,0,1,1,121,NOBLE (121),0,NOT APPLICABLE,8,August,2,2,3,Tuesday,2022,6,6:00am-6:59am,29,29,I-77 VIETNAM VET MEM HWY,NA,1,Interstate,2,Urban,1,Interstate,1,State Highway Agency,1,This section IS ON the NHS,0,No Special Jurisdiction,115,115,39.79255833,39.79255833,-81.55004722,-81.55004722,35,Embankment,0,The First Harmful Event was Not a Collision with a Motor Vehicle in Transport,0,No,1,Non-Junction,1,Not an Intersection,3,On Median,0,None,4,Dawn,10,Cloudy,0,No,0000000,Not Applicable,6,6:00am-6:59am,35,35,6,6:00am-6:59am,44,44,88,Not Applicable (Not Transported),88,Not Applicable (Not Transported),1
39,Ohio,390652,0,0,2,2,0,5,5,83,KNOX (83),0,NOT APPLICABLE,8,August,1,1,2,Monday,2022,18,6:00pm-6:59pm,44,44,SR-661,NA,3,State Highway,1,Rural,5,Major Collector,1,State Highway Agency,0,This section IS NOT on the NHS,0,No Special Jurisdiction,55,55,40.34604167,40.34604167,-82.50317222,-82.50317222,12,Motor Vehicle In-Transport,2,Front-to-Front,0,No,1,Non-Junction,1,Not an Intersection,1,On Roadway,0,None,1,Daylight,1,Clear,0,No,0000000,Not Applicable,18,6:00pm-6:59pm,43,43,18,6:00pm-6:59pm,49,49,19,7:00pm-7:59pm,35,35,1
39,Ohio,390654,0,0,1,1,0,1,1,41,DELAWARE (41),0,NOT APPLICABLE,8,August,5,5,6,Friday,2022,12,12:00pm-12:59pm,5,5,I-71,NA,1,Interstate,2,Urban,1,Interstate,1,State Highway Agency,1,This section IS ON the NHS,0,No Special Jurisdiction,16,16,40.15901944,40.15901944,-82.96858889,-82.96858889,24,Guardrail Face,0,The First Harmful Event was Not a Collision with a Motor Vehicle in Transport,0,No,1,Non-Junction,1,Not an Intersection,4,On Roadside,0,None,1,Daylight,2,Rain,0,No,0000000,Not Applicable,12,12:00pm-12:59pm,7,7,12,12:00pm-12:59pm,15,15,88,Not Applicable (Not Transported),88,Not Applicable (Not Transported),1
39,Ohio,390655,0,0,1,1,0,1,1,155,TRUMBULL (155),0,NOT APPLICABLE,8,August,2,2,3,Tuesday,2022,18,6:00pm-6:59pm,10,10,SR-534,NA,3,State Highway,1,Rural,5,Major Collector,1,State Highway Agency,0,This section IS NOT on the NHS,0,No Special Jurisdiction,115,115,41.28495833,41.28495833,-80.96487778,-80.96487778,1,Rollover/Overturn,0,The First Harmful Event was Not a Collision with a Motor Vehicle in Transport,0,No,1,Non-Junction,1,Not an Intersection,1,On Roadway,0,None,1,Daylight,10,Cloudy,0,No,0000000,Not Applicable,18,6:00pm-6:59pm,17,17,18,6:00pm-6:59pm,25,25,88,Not Applicable (Not Transported),88,Not Applicable (Not Transported),1
39,Ohio,390657,1,1,1,1,0,1,1,113,MONTGOMERY (113),2090,DAYTON,8,August,5,5,6,Friday,2022,23,11:00pm-11:59pm,22,22,SR-48 MAIN ST,HILLCREST AVE,3,State Highway,2,Urban,3,Principal Arterial - Other,1,State Highway Agency,1,This section IS ON the NHS,0,No Special Jurisdiction,153,153,39.79113056,39.79113056,-84.21423889,-84.21423889,8,Pedestrian,0,The First Harmful Event was Not a Collision with a Motor Vehicle in Transport,0,No,3,Intersection-Related,2,Four-Way Intersection,1,On Roadway,0,None,3,Dark - Lighted,1,Clear,0,No,0000000,Not Applicable,23,11:00pm-11:59pm,22,22,23,11:00pm-11:59pm,29,29,88,Not Applicable (Not Transported),88,Not Applicable (Not Transported),1
39,Ohio,390658,0,0,1,1,0,1,1,17,BUTLER (17),0,NOT APPLICABLE,8,August,5,5,6,Friday,2022,6,6:00am-6:59am,32,32,CR-209 CALIFORNIA RD,NA,4,County Road,1,Rural,5,Major Collector,2,County Highway Agency,0,This section IS NOT on the NHS,0,No Special Jurisdiction,0,None,39.32233333,39.32233333,-84.79565,-84.79565,32,Culvert,0,The First Harmful Event was Not a Collision with a Motor Vehicle in Transport,0,No,1,Non-Junction,1,Not an Intersection,4,On Roadside,0,None,2,Dark - Not Lighted,10,Cloudy,0,No,0000000,Not Applicable,6,6:00am-6:59am,32,32,6,6:00am-6:59am,42,42,88,Not Applicable (Not Transported),88,Not Applicable (Not Transported),1
39,Ohio,390659,0,0,1,1,0,1,1,109,MIAMI (109),0,NOT APPLICABLE,7,July,23,23,7,Saturday,2022,20,8:00pm-8:59pm,52,52,I-75,NA,1,Interstate,2,Urban,1,Interstate,1,State Highway Agency,1,This section IS ON the NHS,0,No Special Jurisdiction,40,40,39.98058889,39.98058889,-84.195825,-84.195825,34,Ditch,0,The First Harmful Event was Not a Collision with a Motor Vehicle in Transport,0,No,1,Non-Junction,1,Not an Intersection,4,On Roadside,0,None,3,Dark - Lighted,10,Cloudy,0,No,0000000,Not Applicable,20,8:00pm-8:59pm,50,50,20,8:00pm-8:59pm,53,53,21,9:00pm-9:59pm,18,18,1
39,Ohio,390660,0,0,2,2,0,3,3,139,RICHLAND (139),0,NOT APPLICABLE,7,July,29,29,6,Friday,2022,11,11:00am-11:59am,4,4,CR-133 LEXINGTON SPRINGMILL RD,TR-135 HOME RD,4,County Road,2,Urban,4,Minor Arterial,2,County Highway Agency,0,This section IS NOT on the NHS,0,No Special Jurisdiction,0,None,40.71017778,40.71017778,-82.58082778,-82.58082778,12,Motor Vehicle In-Transport,6,Angle,0,No,2,Intersection,3,T-Intersection,1,On Roadway,0,None,1,Daylight,1,Clear,0,No,0000000,Not Applicable,11,11:00am-11:59am,5,5,11,11:00am-11:59am,9,9,11,11:00am-11:59am,30,30,1
39,Ohio,390661,0,0,2,1,1,1,1,87,LAWRENCE (87),0,NOT APPLICABLE,8,August,5,5,6,Friday,2022,20,8:00pm-8:59pm,2,2,SR-775,NA,3,State Highway,1,Rural,5,Major Collector,1,State Highway Agency,0,This section IS NOT on the NHS,0,No Special Jurisdiction,66,66,38.51394444,38.51394444,-82.39206667,-82.39206667,34,Ditch,0,The First Harmful Event was Not a Collision with a Motor Vehicle in Transport,0,No,1,Non-Junction,1,Not an Intersection,4,On Roadside,0,None,1,Daylight,10,Cloudy,0,No,0000000,Not Applicable,19,7:00pm-7:59pm,58,58,20,8:00pm-8:59pm,7,7,88,Not Applicable (Not Transported),88,Not Applicable (Not Transported),1
39,Ohio,390662,0,0,2,2,0,3,3,113,MONTGOMERY (113),0,NOT APPLICABLE,8,August,12,12,6,Friday,2022,20,8:00pm-8:59pm,12,12,CR-249 SALEM AVE,TR-1118 WHEELER AVE,4,County Road,2,Urban,4,Minor Arterial,2,County Highway Agency,0,This section IS NOT on the NHS,0,No Special Jurisdiction,0,None,39.79491111,39.79491111,-84.247825,-84.247825,12,Motor Vehicle In-Transport,6,Angle,0,No,2,Intersection,3,T-Intersection,1,On Roadway,0,None,1,Daylight,1,Clear,0,No,0000000,Not Applicable,20,8:00pm-8:59pm,14,14,20,8:00pm-8:59pm,18,18,20,8:00pm-8:59pm,29,29,1
39,Ohio,390663,0,0,1,1,0,1,1,65,HARDIN (65),0,NOT APPLICABLE,8,August,9,9,3,Tuesday,2022,3,3:00am-3:59am,15,15,CR-75,NA,4,County Road,1,Rural,6,Minor Collector,2,County Highway Agency,0,This section IS NOT on the NHS,0,No Special Jurisdiction,0,None,40.52850278,40.52850278,-83.74744722,-83.74744722,42,Tree (Standing Only),0,The First Harmful Event was Not a Collision with a Motor Vehicle in Transport,0,No,1,Non-Junction,1,Not an Intersection,4,On Roadside,0,None,2,Dark - Not Lighted,1,Clear,0,No,0000000,Not Applicable,3,3:00am-3:59am,19,19,3,3:00am-3:59am,29,29,88,Not Applicable (Not Transported),88,Not Applicable (Not Transported),1
39,Ohio,390664,0,0,1,1,0,1,1,139,RICHLAND (139),4680,MANSFIELD,6,June,27,27,2,Monday,2022,23,11:00pm-11:59pm,41,41,SR-430 PARK AV,NA,3,State Highway,2,Urban,4,Minor Arterial,1,State Highway Agency,0,This section IS NOT on the NHS,0,No Special Jurisdiction,51,51,40.75852778,40.75852778,-82.51439167,-82.51439167,33,Curb,0,The First Harmful Event was Not a Collision with a Motor Vehicle in Transport,0,No,1,Non-Junction,1,Not an Intersection,4,On Roadside,0,None,3,Dark - Lighted,1,Clear,0,No,0000000,Not Applicable,23,11:00pm-11:59pm,42,42,23,11:00pm-11:59pm,44,44,88,Not Applicable (Not Transported),88,Not Applicable (Not Transported),1
39,Ohio,390665,0,0,1,1,0,1,1,95,LUCAS (95),8120,TOLEDO,8,August,13,13,7,Saturday,2022,22,10:00pm-10:59pm,48,48,CR-84 HEATHERDOWNS BLVD,NA,4,County Road,2,Urban,4,Minor Arterial,2,County Highway Agency,0,This section IS NOT on the NHS,0,No Special Jurisdiction,0,None,41.6051,41.6051,-83.62166944,-83.62166944,42,Tree (Standing Only),0,The First Harmful Event was Not a Collision with a Motor Vehicle in Transport,0,No,1,Non-Junction,1,Not an Intersection,4,On Roadside,0,None,3,Dark - Lighted,2,Rain,0,No,0000000,Not Applicable,22,10:00pm-10:59pm,56,56,23,11:00pm-11:59pm,9,9,23,11:00pm-11:59pm,32,32,1
39,Ohio,390667,0,0,1,1,0,2,2,61,HAMILTON (61),1610,CINCINNATI,8,August,4,4,5,Thursday,2022,3,3:00am-3:59am,20,20,CR-163 WESTWOOD NORTHERN BL,NA,4,County Road,2,Urban,4,Minor Arterial,2,County Highway Agency,0,This section IS NOT on the NHS,0,No Special Jurisdiction,0,None,39.14113889,39.14113889,-84.55197778,-84.55197778,30,Utility Pole/Light Support,0,The First Harmful Event was Not a Collision with a Motor Vehicle in Transport,0,No,1,Non-Junction,1,Not an Intersection,4,On Roadside,0,None,3,Dark - Lighted,10,Cloudy,0,No,0000000,Not Applicable,3,3:00am-3:59am,23,23,3,3:00am-3:59am,24,24,4,4:00am-4:59am,7,7,1
39,Ohio,390668,0,0,1,1,0,1,1,49,FRANKLIN (49),2780,GAHANNA,8,August,17,17,4,Wednesday,2022,0,0:00am-0:59am,26,26,LINCOLNSHIRE RD,NA,6,Local Street - Municipality,2,Urban,7,Local,4,City or Municipal Highway Agency,0,This section IS NOT on the NHS,0,No Special Jurisdiction,0,None,40.0281,40.0281,-82.89948056,-82.89948056,33,Curb,0,The First Harmful Event was Not a Collision with a Motor Vehicle in Transport,0,No,1,Non-Junction,1,Not an Intersection,4,On Roadside,0,None,2,Dark - Not Lighted,1,Clear,0,No,0000000,Not Applicable,1,1:00am-1:59am,27,27,1,1:00am-1:59am,35,35,1,1:00am-1:59am,57,57,1
39,Ohio,390669,0,0,2,2,0,5,5,61,HAMILTON (61),0,NOT APPLICABLE,8,August,6,6,7,Saturday,2022,11,11:00am-11:59am,57,57,US-127 HAMILTON AV,I-275 OFF RAMP,2,US Highway,2,Urban,3,Principal Arterial - Other,1,State Highway Agency,0,This section IS NOT on the NHS,0,No Special Jurisdiction,145,145,39.28358889,39.28358889,-84.56428056,-84.56428056,12,Motor Vehicle In-Transport,6,Angle,1,Yes,2,Intersection,2,Four-Way Intersection,1,On Roadway,0,None,1,Daylight,10,Cloudy,0,No,0000000,Not Applicable,11,11:00am-11:59am,57,57,12,12:00pm-12:59pm,2,2,12,12:00pm-12:59pm,36,36,1
39,Ohio,390670,0,0,2,2,0,3,3,155,TRUMBULL (155),0,NOT APPLICABLE,8,August,8,8,2,Monday,2022,14,2:00pm-2:59pm,53,53,CR-206 STATE RD,NA,4,County Road,2,Urban,5,Major Collector,2,County Highway Agency,0,This section IS NOT on the NHS,0,No Special Jurisdiction,0,None,41.28443889,41.28443889,-80.84815833,-80.84815833,12,Motor Vehicle In-Transport,1,Front-to-Rear,0,No,1,Non-Junction,1,Not an Intersection,1,On Roadway,0,None,1,Daylight,10,Cloudy,0,No,0000000,Not Applicable,14,2:00pm-2:59pm,56,56,15,3:00pm-3:59pm,0,0,15,3:00pm-3:59pm,17,17,1
39,Ohio,390671,0,0,2,2,0,4,4,7,ASHTABULA (7),0,NOT APPLICABLE,8,August,9,9,3,Tuesday,2022,16,4:00pm-4:59pm,27,27,SR-7,NA,3,State Highway,1,Rural,4,Minor Arterial,1,State Highway Agency,0,This section IS NOT on the NHS,0,No Special Jurisdiction,251,251,41.86298889,41.86298889,-80.57250833,-80.57250833,12,Motor Vehicle In-Transport,6,Angle,0,No,8,Driveway Access Related,1,Not an Intersection,1,On Roadway,0,None,1,Daylight,1,Clear,0,No,0000000,Not Applicable,16,4:00pm-4:59pm,39,39,16,4:00pm-4:59pm,44,44,88,Not Applicable (Not Transported),88,Not Applicable (Not Transported),1
39,Ohio,390672,0,0,1,1,0,2,2,51,FULTON (51),0,NOT APPLICABLE,8,August,5,5,6,Friday,2022,1,1:00am-1:59am,31,31,I-80,NA,1,Interstate,1,Rural,1,Interstate,1,State Highway Agency,1,This section IS ON the NHS,0,No Special Jurisdiction,186,186,41.59249722,41.59249722,-84.02748333,-84.02748333,18,Other Object (not fixed),0,The First Harmful Event was Not a Collision with a Motor Vehicle in Transport,0,No,1,Non-Junction,1,Not an Intersection,3,On Median,4,"Work Zone, Type Unknown",2,Dark - Not Lighted,1,Clear,0,No,0000000,Not Applicable,1,1:00am-1:59am,30,30,1,1:00am-1:59am,39,39,2,2:00am-2:59am,21,21,1
39,Ohio,390673,0,0,2,2,0,4,4,5,ASHLAND (5),0,NOT APPLICABLE,8,August,5,5,6,Friday,2022,15,3:00pm-3:59pm,40,40,SR-302,NA,3,State Highway,1,Rural,5,Major Collector,1,State Highway Agency,0,This section IS NOT on the NHS,0,No Special Jurisdiction,57,57,40.92166111,40.92166111,-82.22266111,-82.22266111,12,Motor Vehicle In-Transport,2,Front-to-Front,0,No,1,Non-Junction,1,Not an Intersection,1,On Roadway,0,None,1,Daylight,1,Clear,0,No,0000000,Not Applicable,15,3:00pm-3:59pm,41,41,15,3:00pm-3:59pm,43,43,16,4:00pm-4:59pm,16,16,2
39,Ohio,390674,0,0,2,2,0,2,2,163,VINTON (163),0,NOT APPLICABLE,8,August,3,3,4,Wednesday,2022,6,6:00am-6:59am,47,47,SR-93,NA,3,State Highway,1,Rural,4,Minor Arterial,1,State Highway Agency,0,This section IS NOT on the NHS,0,No Special Jurisdiction,163,163,39.36219722,39.36219722,-82.45946111,-82.45946111,12,Motor Vehicle In-Transport,2,Front-to-Front,0,No,1,Non-Junction,1,Not an Intersection,1,On Roadway,0,None,2,Dark - Not Lighted,5,"Fog, Smog, Smoke",0,No,0000000,Not Applicable,6,6:00am-6:59am,45,45,6,6:00am-6:59am,58,58,8,8:00am-8:59am,18,18,1
39,Ohio,390675,0,0,1,1,0,1,1,1,ADAMS (1),0,NOT APPLICABLE,8,August,7,7,1,Sunday,2022,19,7:00pm-7:59pm,10,10,CR-51 LOUISVILLE RD,NA,4,County Road,1,Rural,7,Local,2,County Highway Agency,0,This section IS NOT on the NHS,0,No Special Jurisdiction,0,None,38.99663333,38.99663333,-83.47863889,-83.47863889,30,Utility Pole/Light Support,0,The First Harmful Event was Not a Collision with a Motor Vehicle in Transport,0,No,1,Non-Junction,1,Not an Intersection,4,On Roadside,0,None,1,Daylight,1,Clear,0,No,0000000,Not Applicable,19,7:00pm-7:59pm,10,10,19,7:00pm-7:59pm,19,19,20,8:00pm-8:59pm,1,1,1
39,Ohio,390676,0,0,1,1,0,2,2,43,ERIE (43),0,NOT APPLICABLE,8,August,8,8,2,Monday,2022,14,2:00pm-2:59pm,24,24,SR-113,NA,3,State Highway,1,Rural,5,Major Collector,1,State Highway Agency,0,This section IS NOT on the NHS,0,No Special Jurisdiction,196,196,41.329575,41.329575,-82.36643333,-82.36643333,34,Ditch,0,The First Harmful Event was Not a Collision with a Motor Vehicle in Transport,0,No,1,Non-Junction,1,Not an Intersection,4,On Roadside,0,None,1,Daylight,1,Clear,0,No,0000000,Not Applicable,14,2:00pm-2:59pm,28,28,14,2:00pm-2:59pm,37,37,15,3:00pm-3:59pm,5,5,1
39,Ohio,390677,0,0,2,2,0,6,6,33,CRAWFORD (33),0,NOT APPLICABLE,8,August,7,7,1,Sunday,2022,13,1:00pm-1:59pm,59,59,SR-96,MCINTYRE RD,3,State Highway,1,Rural,5,Major Collector,1,State Highway Agency,0,This section IS NOT on the NHS,0,No Special Jurisdiction,57,57,40.85768611,40.85768611,-82.82742778,-82.82742778,12,Motor Vehicle In-Transport,6,Angle,0,No,2,Intersection,2,Four-Way Intersection,1,On Roadway,0,None,1,Daylight,10,Cloudy,0,No,0000000,Not Applicable,14,2:00pm-2:59pm,0,0,14,2:00pm-2:59pm,8,8,14,2:00pm-2:59pm,28,28,1
39,Ohio,390678,0,0,1,1,0,1,1,113,MONTGOMERY (113),0,NOT APPLICABLE,8,August,10,10,4,Wednesday,2022,16,4:00pm-4:59pm,41,41,I-70 DWIGHT D EISENHOWER HWY,NA,1,Interstate,2,Urban,1,Interstate,1,State Highway Agency,1,This section IS ON the NHS,0,No Special Jurisdiction,44,44,39.85684167,39.85684167,-84.409,-84.409,24,Guardrail Face,0,The First Harmful Event was Not a Collision with a Motor Vehicle in Transport,0,No,1,Non-Junction,1,Not an Intersection,3,On Median,0,None,1,Daylight,1,Clear,0,No,0000000,Not Applicable,16,4:00pm-4:59pm,38,38,16,4:00pm-4:59pm,44,44,88,Not Applicable (Not Transported),88,Not Applicable (Not Transported),1
39,Ohio,390680,0,0,1,1,0,1,1,133,PORTAGE (133),0,NOT APPLICABLE,8,August,10,10,4,Wednesday,2022,17,5:00pm-5:59pm,20,20,TR-106 ROOTSTOWN RD,NA,5,Local Street - Township,2,Urban,7,Local,3,Town or Township Highway Agency,0,This section IS NOT on the NHS,0,No Special Jurisdiction,0,None,41.12335,41.12335,-81.28721667,-81.28721667,43,Other Fixed Object,0,The First Harmful Event was Not a Collision with a Motor Vehicle in Transport,0,No,1,Non-Junction,1,Not an Intersection,4,On Roadside,0,None,1,Daylight,1,Clear,0,No,0000000,Not Applicable,17,5:00pm-5:59pm,24,24,17,5:00pm-5:59pm,30,30,88,Not Applicable (Not Transported),88,Not Applicable (Not Transported),1
39,Ohio,390681,0,0,2,2,0,2,2,139,RICHLAND (139),0,NOT APPLICABLE,8,August,8,8,2,Monday,2022,6,6:00am-6:59am,19,19,SR-13,NA,3,State Highway,1,Rural,4,Minor Arterial,1,State Highway Agency,0,This section IS NOT on the NHS,0,No Special Jurisdiction,306,306,40.96476389,40.96476389,-82.49543056,-82.49543056,12,Motor Vehicle In-Transport,2,Front-to-Front,0,No,1,Non-Junction,1,Not an Intersection,1,On Roadway,0,None,4,Dawn,10,Cloudy,0,No,0000000,Not Applicable,6,6:00am-6:59am,19,19,6,6:00am-6:59am,33,33,88,Not Applicable (Not Transported),88,Not Applicable (Not Transported),2
39,Ohio,390682,0,0,2,2,0,3,3,113,MONTGOMERY (113),8180,TROTWOOD,8,August,12,12,6,Friday,2022,11,11:00am-11:59am,39,39,CR-36 LITTLE RICHMOND RD,NA,4,County Road,2,Urban,5,Major Collector,2,County Highway Agency,0,This section IS NOT on the NHS,0,No Special Jurisdiction,0,None,39.77563056,39.77563056,-84.35394444,-84.35394444,12,Motor Vehicle In-Transport,1,Front-to-Rear,0,No,1,Non-Junction,1,Not an Intersection,1,On Roadway,0,None,1,Daylight,1,Clear,0,No,0000000,Not Applicable,11,11:00am-11:59am,39,39,11,11:00am-11:59am,45,45,12,12:00pm-12:59pm,17,17,1
39,Ohio,390683,0,0,1,1,0,1,1,49,FRANKLIN (49),1800,COLUMBUS,8,August,11,11,5,Thursday,2022,2,2:00am-2:59am,44,44,5TH AVE,CR-10 MCKINLEY AVE,6,Local Street - Municipality,2,Urban,4,Minor Arterial,4,City or Municipal Highway Agency,0,This section IS NOT on the NHS,0,No Special Jurisdiction,0,None,39.98481944,39.98481944,-83.07496944,-83.07496944,35,Embankment,0,The First Harmful Event was Not a Collision with a Motor Vehicle in Transport,0,No,3,Intersection-Related,3,T-Intersection,4,On Roadside,0,None,3,Dark - Lighted,1,Clear,0,No,0000000,Not Applicable,2,2:00am-2:59am,46,46,2,2:00am-2:59am,56,56,88,Not Applicable (Not Transported),88,Not Applicable (Not Transported),1