STATE,STATENAME,ST_CASE,PEDS,PERNOTMVIT,VE_TOTAL,VE_FORMS,PVH_INVL,PERSONS,PERMVIT,COUNTY,COUNTYNAME,CITY,CITYNAME,MONTH,MONTHNAME,DAY,DAYNAME,DAY_WEEK,DAY_WEEKNAME,YEAR,HOUR,HOURNAME,MINUTE,MINUTENAME,TWAY_ID,TWAY_ID2,ROUTE,ROUTENAME,RUR_URB,RUR_URBNAME,FUNC_SYS,FUNC_SYSNAME,RD_OWNER,RD_OWNERNAME,NHS,NHSNAME,SP_JUR,SP_JURNAME,MILEPT,MILEPTNAME,LATITUDE,LATITUDENAME,LONGITUD,LONGITUDNAME,HARM_EV,HARM_EVNAME,MAN_COLL,MAN_COLLNAME,RELJCT1,RELJCT1NAME,RELJCT2,RELJCT2NAME,TYP_INT,TYP_INTNAME,REL_ROAD,REL_ROADNAME,WRK_ZONE,WRK_ZONENAME,LGT_COND,LGT_CONDNAME,WEATHER,WEATHERNAME,SCH_BUS,SCH_BUSNAME,RAIL,RAILNAME,NOT_HOUR,NOT_HOURNAME,NOT_MIN,NOT_MINNAME,ARR_HOUR,ARR_HOURNAME,ARR_MIN,ARR_MINNAME,HOSP_HR,HOSP_HRNAME,HOSP_MN,HOSP_MNNAME,FATALS
39,Ohio,390723,0,0,1,1,0,2,2,49,FRANKLIN (49),5550,NEW ALBANY,8,August,24,24,4,Wednesday,2022,17,5:00pm-5:59pm,19,19,CR-110 KITZMILLER RD,NA,4,County Road,2,Urban,6,Minor Collector,2,County Highway Agency,0,This section IS NOT on the NHS,0,No Special Jurisdiction,0,None,40.06477778,40.06477778,-82.79580278,-82.79580278,42,Tree (Standing Only),0,The First Harmful Event was Not a Collision with a Motor Vehicle in Transport,0,No,1,Non-Junction,1,Not an Intersection,5,Outside Trafficway,0,None,1,Daylight,1,Clear,0,No,0000000,Not Applicable,17,5:00pm-5:59pm,18,18,17,5:00pm-5:59pm,24,24,17,5:00pm-5:59pm,44,44,1
39,Ohio,390724,0,0,3,3,0,6,6,49,FRANKLIN (49),3200,GROVE CITY,8,August,24,24,4,Wednesday,2022,11,11:00am-11:59am,34,34,SR-104 JACKSON PIKE,US-665 LONDON-GROVEPORT RD,3,State Highway,2,Urban,4,Minor Arterial,1,State Highway Agency,0,This section IS NOT on the NHS,0,No Special Jurisdiction,14,14,39.82527222,39.82527222,-83.03253333,-83.03253333,12,Motor Vehicle In-Transport,6,Angle,0,No,2,Intersection,2,Four-Way Intersection,1,On Roadway,0,None,1,Daylight,1,Clear,0,No,0000000,Not Applicable,11,11:00am-11:59am,34,34,11,11:00am-11:59am,42,42,12,12:00pm-12:59pm,4,4,1
39,Ohio,390725,1,1,1,1,0,1,1,35,CUYAHOGA (35),6000,NORTH OLMSTED,8,August,24,24,4,Wednesday,2022,22,10:00pm-10:59pm,40,40,SR-252 COLUMBIA RD,NA,3,State Highway,2,Urban,3,Principal Arterial - Other,1,State Highway Agency,1,This section IS ON the NHS,0,No Special Jurisdiction,56,56,41.42734167,41.42734167,-81.8966,-81.8966,8,Pedestrian,0,The First Harmful Event was Not a Collision with a Motor Vehicle in Transport,0,No,1,Non-Junction,1,Not an Intersection,1,On Roadway,0,None,3,Dark - Lighted,1,Clear,0,No,0000000,Not Applicable,22,10:00pm-10:59pm,46,46,22,10:00pm-10:59pm,51,51,23,11:00pm-11:59pm,14,14,1
39,Ohio,390726,0,0,2,2,0,2,2,17,BUTLER (17),5010,MIDDLETOWN,8,August,12,12,6,Friday,2022,2,2:00am-2:59am,22,22,TR-134 YANKEE RD,TODHUNTER RD,5,Local Street - Township,2,Urban,5,Major Collector,3,Town or Township Highway Agency,0,This section IS NOT on the NHS,0,No Special Jurisdiction,0,None,39.45981111,39.45981111,-84.39788889,-84.39788889,12,Motor Vehicle In-Transport,7,Sideswipe - Same Direction,0,No,2,Intersection,2,Four-Way Intersection,1,On Roadway,0,None,3,Dark - Lighted,1,Clear,0,No,0000000,Not Applicable,2,2:00am-2:59am,41,41,3,3:00am-3:59am,2,2,3,3:00am-3:59am,35,35,1
39,Ohio,390727,0,0,4,4,0,4,4,117,MORROW (117),0,NOT APPLICABLE,8,August,17,17,4,Wednesday,2022,7,7:00am-7:59am,58,58,I-71,NA,1,Interstate,1,Rural,1,Interstate,1,State Highway Agency,1,This section IS ON the NHS,0,No Special Jurisdiction,175,175,40.54569444,40.54569444,-82.657,-82.657,12,Motor Vehicle In-Transport,1,Front-to-Rear,0,No,1,Non-Junction,1,Not an Intersection,1,On Roadway,4,"Work Zone, Type Unknown",1,Daylight,1,Clear,0,No,0000000,Not Applicable,8,8:00am-8:59am,0,0,8,8:00am-8:59am,23,23,9,9:00am-9:59am,10,10,1
39,Ohio,390728,0,0,3,3,0,5,5,89,LICKING (89),0,NOT APPLICABLE,7,July,22,22,6,Friday,2022,13,1:00pm-1:59pm,32,32,SR-79 FALLSBURG RD,SR-586 PLEASANT VALLEY RD,3,State Highway,1,Rural,5,Major Collector,1,State Highway Agency,0,This section IS NOT on the NHS,0,No Special Jurisdiction,63,63,40.20289444,40.20289444,-82.23593056,-82.23593056,12,Motor Vehicle In-Transport,6,Angle,0,No,2,Intersection,2,Four-Way Intersection,1,On Roadway,0,None,1,Daylight,1,Clear,0,No,0000000,Not Applicable,13,1:00pm-1:59pm,42,42,14,2:00pm-2:59pm,3,3,14,2:00pm-2:59pm,51,51,1
39,Ohio,390729,1,1,1,1,0,1,1,41,DELAWARE (41),8730,WESTERVILLE,8,August,23,23,3,Tuesday,2022,22,10:00pm-10:59pm,15,15,CR-615 POLARIS PK,CR-13 WORTHINGTON RD,4,County Road,2,Urban,3,Principal Arterial - Other,2,County Highway Agency,0,This section IS NOT on the NHS,0,No Special Jurisdiction,0,None,40.14586111,40.14586111,-82.95656111,-82.95656111,8,Pedestrian,0,The First Harmful Event was Not a Collision with a Motor Vehicle in Transport,0,No,3,Intersection-Related,2,Four-Way Intersection,1,On Roadway,0,None,3,Dark - Lighted,1,Clear,0,No,0000000,Not Applicable,22,10:00pm-10:59pm,18,18,22,10:00pm-10:59pm,22,22,22,10:00pm-10:59pm,55,55,1
39,Ohio,390730,0,0,3,3,0,4,4,35,CUYAHOGA (35),1680,CLEVELAND,8,August,7,7,1,Sunday,2022,4,4:00am-4:59am,4,4,CR-72 TURNEY RD,GRAND DIVISION AVE,4,County Road,2,Urban,4,Minor Arterial,2,County Highway Agency,0,This section IS NOT on the NHS,0,No Special Jurisdiction,0,None,41.43448056,41.43448056,-81.619,-81.619,12,Motor Vehicle In-Transport,7,Sideswipe - Same Direction,0,No,3,Intersection-Related,3,T-Intersection,1,On Roadway,0,None,3,Dark - Lighted,10,Cloudy,0,No,0000000,Not Applicable,4,4:00am-4:59am,11,11,4,4:00am-4:59am,24,24,4,4:00am-4:59am,51,51,1
39,Ohio,390731,0,0,1,1,0,2,2,35,CUYAHOGA (35),1680,CLEVELAND,7,July,28,28,5,Thursday,2022,21,9:00pm-9:59pm,45,45,CR-400 105TH ST,NA,4,County Road,2,Urban,4,Minor Arterial,2,County Highway Agency,0,This section IS NOT on the NHS,0,No Special Jurisdiction,0,None,41.51806667,41.51806667,-81.61554167,-81.61554167,33,Curb,0,The First Harmful Event was Not a Collision with a Motor Vehicle in Transport,0,No,1,Non-Junction,1,Not an Intersection,4,On Roadside,0,None,3,Dark - Lighted,10,Cloudy,0,No,0000000,Not Applicable,21,9:00pm-9:59pm,51,51,21,9:00pm-9:59pm,54,54,22,10:00pm-10:59pm,13,13,1
39,Ohio,390732,1,1,1,1,0,1,1,49,FRANKLIN (49),1800,COLUMBUS,8,August,29,29,2,Monday,2022,20,8:00pm-8:59pm,36,36,US-62,NA,2,US Highway,2,Urban,3,Principal Arterial - Other,1,State Highway Agency,0,This section IS NOT on the NHS,0,No Special Jurisdiction,116,116,39.94295,39.94295,-83.03795,-83.03795,15,Non-Motorist on Personal Conveyance,0,The First Harmful Event was Not a Collision with a Motor Vehicle in Transport,0,No,1,Non-Junction,1,Not an Intersection,1,On Roadway,0,None,2,Dark - Not Lighted,1,Clear,0,No,0000000,Not Applicable,20,8:00pm-8:59pm,36,36,20,8:00pm-8:59pm,39,39,20,8:00pm-8:59pm,50,50,1
39,Ohio,390733,0,0,1,1,0,2,2,109,MIAMI (109),0,NOT APPLICABLE,8,August,26,26,6,Friday,2022,22,10:00pm-10:59pm,14,14,CR-42 GINGHAM FREDERICK RD,NA,4,County Road,1,Rural,6,Minor Collector,2,County Highway Agency,0,This section IS NOT on the NHS,0,No Special Jurisdiction,0,None,39.92926111,39.92926111,-84.2555,-84.2555,34,Ditch,0,The First Harmful Event was Not a Collision with a Motor Vehicle in Transport,0,No,1,Non-Junction,1,Not an Intersection,4,On Roadside,0,None,2,Dark - Not Lighted,1,Clear,0,No,0000000,Not Applicable,22,10:00pm-10:59pm,16,16,22,10:00pm-10:59pm,26,26,88,Not Applicable (Not Transported),88,Not Applicable (Not Transported),1
39,Ohio,390734,0,0,2,2,0,3,3,61,HAMILTON (61),1610,CINCINNATI,8,August,25,25,5,Thursday,2022,14,2:00pm-2:59pm,50,50,CR-604 ANTHONY WAYNE AVE,NA,4,County Road,2,Urban,5,Major Collector,2,County Highway Agency,0,This section IS NOT on the NHS,0,No Special Jurisdiction,0,None,39.20171944,39.20171944,-84.47067222,-84.47067222,12,Motor Vehicle In-Transport,2,Front-to-Front,0,No,1,Non-Junction,1,Not an Intersection,1,On Roadway,0,None,1,Daylight,1,Clear,0,No,0000000,Not Applicable,14,2:00pm-2:59pm,52,52,14,2:00pm-2:59pm,56,56,15,3:00pm-3:59pm,14,14,2
39,Ohio,390735,1,1,1,1,0,1,1,123,OTTAWA (123),0,NOT APPLICABLE,8,August,19,19,6,Friday,2022,7,7:00am-7:59am,45,45,CR-52 FREMONT RD,NA,4,County Road,2,Urban,4,Minor Arterial,2,County Highway Agency,0,This section IS NOT on the NHS,0,No Special Jurisdiction,0,None,41.50479722,41.50479722,-82.958325,-82.958325,9,Pedalcyclist,0,The First Harmful Event was Not a Collision with a Motor Vehicle in Transport,0,No,8,Driveway Access Related,1,Not an Intersection,1,On Roadway,0,None,1,Daylight,1,Clear,0,No,0000000,Not Applicable,7,7:00am-7:59am,47,47,7,7:00am-7:59am,53,53,8,8:00am-8:59am,8,8,1
39,Ohio,390736,0,0,2,2,0,2,2,25,CLERMONT (25),0,NOT APPLICABLE,8,August,20,20,7,Saturday,2022,19,7:00pm-7:59pm,20,20,SR-28,NA,3,State Highway,2,Urban,5,Major Collector,1,State Highway Agency,0,This section IS NOT on the NHS,0,No Special Jurisdiction,91,91,39.24361111,39.24361111,-84.14528056,-84.14528056,12,Motor Vehicle In-Transport,7,Sideswipe - Same Direction,0,No,1,Non-Junction,1,Not an Intersection,1,On Roadway,0,None,1,Daylight,2,Rain,0,No,0000000,Not Applicable,19,7:00pm-7:59pm,17,17,19,7:00pm-7:59pm,22,22,88,Not Applicable (Not Transported),88,Not Applicable (Not Transported),1
39,Ohio,390737,1,1,1,1,0,1,1,99,MAHONING (99),0,NOT APPLICABLE,8,August,24,24,4,Wednesday,2022,6,6:00am-6:59am,31,31,CR-18 MAHONING AVE,NA,4,County Road,1,Rural,5,Major Collector,2,County Highway Agency,0,This section IS NOT on the NHS,0,No Special Jurisdiction,0,None,41.09933889,41.09933889,-80.94823611,-80.94823611,8,Pedestrian,0,The First Harmful Event was Not a Collision with a Motor Vehicle in Transport,0,No,1,Non-Junction,1,Not an Intersection,1,On Roadway,0,None,2,Dark - Not Lighted,1,Clear,0,No,0000000,Not Applicable,6,6:00am-6:59am,27,27,6,6:00am-6:59am,37,37,88,Not Applicable (Not Transported),88,Not Applicable (Not Transported),1
39,Ohio,390738,0,0,2,2,0,3,3,7,ASHTABULA (7),0,NOT APPLICABLE,8,August,23,23,3,Tuesday,2022,20,8:00pm-8:59pm,43,43,CR-425 MIDDLE RD,NA,4,County Road,1,Rural,6,Minor Collector,2,County Highway Agency,0,This section IS NOT on the NHS,0,No Special Jurisdiction,0,None,41.83199167,41.83199167,-80.53971389,-80.53971389,12,Motor Vehicle In-Transport,1,Front-to-Rear,0,No,1,Non-Junction,1,Not an Intersection,1,On Roadway,0,None,2,Dark - Not Lighted,10,Cloudy,0,No,0000000,Not Applicable,20,8:00pm-8:59pm,49,49,20,8:00pm-8:59pm,58,58,21,9:00pm-9:59pm,19,19,1
39,Ohio,390739,0,0,2,2,0,2,2,145,SCIOTO (145),0,NOT APPLICABLE,8,August,18,18,5,Thursday,2022,7,7:00am-7:59am,45,45,SR-823 VETERANS MEMORIAL HWY,NA,3,State Highway,1,Rural,3,Principal Arterial - Other,1,State Highway Agency,1,This section IS ON the NHS,0,No Special Jurisdiction,93,93,38.86029722,38.86029722,-82.891375,-82.891375,12,Motor Vehicle In-Transport,6,Angle,0,No,1,Non-Junction,1,Not an Intersection,1,On Roadway,0,None,1,Daylight,10,Cloudy,0,No,0000000,Not Applicable,7,7:00am-7:59am,51,51,7,7:00am-7:59am,53,53,8,8:00am-8:59am,41,41,1
39,Ohio,390740,0,0,1,1,0,1,1,19,CARROLL (19),0,NOT APPLICABLE,8,August,20,20,7,Saturday,2022,17,5:00pm-5:59pm,37,37,SR-212 CUMBERLAND RD,NA,3,State Highway,1,Rural,4,Minor Arterial,1,State Highway Agency,0,This section IS NOT on the NHS,0,No Special Jurisdiction,5,5,40.51036111,40.51036111,-81.25862222,-81.25862222,32,Culvert,0,The First Harmful Event was Not a Collision with a Motor Vehicle in Transport,0,No,1,Non-Junction,1,Not an Intersection,4,On Roadside,0,None,1,Daylight,1,Clear,0,No,0000000,Not Applicable,18,6:00pm-6:59pm,40,40,18,6:00pm-6:59pm,45,45,19,7:00pm-7:59pm,30,30,1
39,Ohio,390741,0,0,2,2,0,2,2,15,BROWN (15),0,NOT APPLICABLE,8,August,12,12,6,Friday,2022,23,11:00pm-11:59pm,56,56,TR-243 MEEKER RD,NA,5,Local Street - Township,1,Rural,7,Local,3,Town or Township Highway Agency,0,This section IS NOT on the NHS,0,No Special Jurisdiction,0,None,39.00279444,39.00279444,-84.02021944,-84.02021944,12,Motor Vehicle In-Transport,6,Angle,0,No,8,Driveway Access Related,1,Not an Intersection,1,On Roadway,0,None,2,Dark - Not Lighted,1,Clear,0,No,0000000,Not Applicable,0,0:00am-0:59am,3,3,0,0:00am-0:59am,24,24,1,1:00am-1:59am,20,20,1
39,Ohio,390742,0,0,2,2,0,2,2,27,CLINTON (27),0,NOT APPLICABLE,8,August,20,20,7,Saturday,2022,15,3:00pm-3:59pm,55,55,US-68,NA,2,US Highway,1,Rural,4,Minor Arterial,1,State Highway Agency,0,This section IS NOT on the NHS,0,No Special Jurisdiction,86,86,39.35915278,39.35915278,-83.86760833,-83.86760833,24,Guardrail Face,0,The First Harmful Event was Not a Collision with a Motor Vehicle in Transport,0,No,1,Non-Junction,1,Not an Intersection,4,On Roadside,0,None,1,Daylight,10,Cloudy,0,No,0000000,Not Applicable,15,3:00pm-3:59pm,56,56,16,4:00pm-4:59pm,1,1,17,5:00pm-5:59pm,5,5,1
39,Ohio,390743,0,0,2,2,0,3,3,5,ASHLAND (5),310,ASHLAND,8,August,21,21,1,Sunday,2022,22,10:00pm-10:59pm,41,41,US-42,CR-1153 SOUTH BANEY ROAD RD,2,US Highway,2,Urban,3,Principal Arterial - Other,1,State Highway Agency,0,This section IS NOT on the NHS,0,No Special Jurisdiction,37,37,40.84321111,40.84321111,-82.34915556,-82.34915556,12,Motor Vehicle In-Transport,6,Angle,0,No,2,Intersection,2,Four-Way Intersection,1,On Roadway,0,None,3,Dark - Lighted,1,Clear,0,No,0000000,Not Applicable,3,3:00am-3:59am,43,43,3,3:00am-3:59am,49,49,4,4:00am-4:59am,0,0,2
39,Ohio,390744,0,0,1,1,0,1,1,25,CLERMONT (25),0,NOT APPLICABLE,8,August,20,20,7,Saturday,2022,21,9:00pm-9:59pm,53,53,CR-14 BETHEL NEW RICHMOND  RD,NA,4,County Road,1,Rural,5,Major Collector,2,County Highway Agency,0,This section IS NOT on the NHS,0,No Special Jurisdiction,0,None,38.95131389,38.95131389,-84.22269167,-84.22269167,35,Embankment,0,The First Harmful Event was Not a Collision with a Motor Vehicle in Transport,0,No,1,Non-Junction,1,Not an Intersection,4,On Roadside,0,None,2,Dark - Not Lighted,10,Cloudy,0,No,0000000,Not Applicable,21,9:00pm-9:59pm,52,52,21,9:00pm-9:59pm,59,59,88,Not Applicable (Not Transported),88,Not Applicable (Not Transported),1
39,Ohio,390745,0,0,1,1,0,1,1,85,LAKE (85),0,NOT APPLICABLE,8,August,28,28,1,Sunday,2022,19,7:00pm-7:59pm,5,5,SR-2 LAKELAND FWY,NA,3,State Highway,2,Urban,2,Principal Arterial - Other Freeways and Expressways,1,State Highway Agency,1,This section IS ON the NHS,0,No Special Jurisdiction,173,173,41.74479167,41.74479167,-81.21929167,-81.21929167,52,Guardrail End,0,The First Harmful Event was Not a Collision with a Motor Vehicle in Transport,0,No,1,Non-Junction,1,Not an Intersection,3,On Median,0,None,1,Daylight,1,Clear,0,No,0000000,Not Applicable,19,7:00pm-7:59pm,8,8,19,7:00pm-7:59pm,19,19,19,7:00pm-7:59pm,39,39,1
39,Ohio,390746,0,0,2,2,0,2,2,85,LAKE (85),0,NOT APPLICABLE,8,August,26,26,6,Friday,2022,17,5:00pm-5:59pm,5,5,I-90,NA,1,Interstate,1,Rural,1,Interstate,1,State Highway Agency,1,This section IS ON the NHS,0,No Special Jurisdiction,182,182,41.70016111,41.70016111,-81.19048889,-81.19048889,12,Motor Vehicle In-Transport,6,Angle,0,No,1,Non-Junction,1,Not an Intersection,1,On Roadway,0,None,1,Daylight,1,Clear,0,No,0000000,Not Applicable,17,5:00pm-5:59pm,3,3,17,5:00pm-5:59pm,23,23,88,Not Applicable (Not Transported),88,Not Applicable (Not Transported),1
39,Ohio,390747,0,0,3,3,0,3,3,47,FAYETTE (47),0,NOT APPLICABLE,8,August,22,22,2,Monday,2022,17,5:00pm-5:59pm,40,40,SR-435,SR-729,3,State Highway,1,Rural,5,Major Collector,1,State Highway Agency,0,This section IS NOT on the NHS,0,No Special Jurisdiction,29,29,39.61016944,39.61016944,-83.58659722,-83.58659722,12,Motor Vehicle In-Transport,6,Angle,0,No,2,Intersection,2,Four-Way Intersection,1,On Roadway,0,None,1,Daylight,1,Clear,0,No,0000000,Not Applicable,17,5:00pm-5:59pm,52,52,18,6:00pm-6:59pm,0,0,18,6:00pm-6:59pm,32,32,1
39,Ohio,390748,1,1,2,1,1,1,1,99,MAHONING (99),0,NOT APPLICABLE,8,August,15,15,2,Monday,2022,3,3:00am-3:59am,47,47,I-76,NA,1,Interstate,1,Rural,1,Interstate,31,State Toll Road,1,This section IS ON the NHS,0,No Special Jurisdiction,152,152,40.95384167,40.95384167,-80.63748889,-80.63748889,8,Pedestrian,0,The First Harmful Event was Not a Collision with a Motor Vehicle in Transport,0,No,1,Non-Junction,1,Not an Intersection,1,On Roadway,0,None,3,Dark - Lighted,1,Clear,0,No,0000000,Not Applicable,3,3:00am-3:59am,50,50,3,3:00am-3:59am,58,58,88,Not Applicable (Not Transported),88,Not Applicable (Not Transported),1
39,Ohio,390750,1,1,1,1,0,2,2,119,MUSKINGUM (119),0,NOT APPLICABLE,8,August,27,27,7,Saturday,2022,13,1:00pm-1:59pm,25,25,CR-652 LIMESTONE VALLEY RD,NA,4,County Road,2,Urban,7,Local,2,County Highway Agency,0,This section IS NOT on the NHS,0,No Special Jurisdiction,0,None,39.87611111,39.87611111,-82.09221111,-82.09221111,8,Pedestrian,0,The First Harmful Event was Not a Collision with a Motor Vehicle in Transport,0,No,1,Non-Junction,1,Not an Intersection,1,On Roadway,0,None,1,Daylight,1,Clear,0,No,0000000,Not Applicable,13,1:00pm-1:59pm,25,25,13,1:00pm-1:59pm,32,32,88,Not Applicable (Not Transported),88,Not Applicable (Not Transported),1
39,Ohio,390751,0,0,1,1,0,1,1,17,BUTLER (17),0,NOT APPLICABLE,8,August,29,29,2,Monday,2022,15,3:00pm-3:59pm,23,23,CR-47 BROWN RD,NA,4,County Road,1,Rural,7,Local,2,County Highway Agency,0,This section IS NOT on the NHS,0,No Special Jurisdiction,0,None,39.52441944,39.52441944,-84.74576944,-84.74576944,30,Utility Pole/Light Support,0,The First Harmful Event was Not a Collision with a Motor Vehicle in Transport,0,No,1,Non-Junction,1,Not an Intersection,4,On Roadside,0,None,1,Daylight,10,Cloudy,0,No,0000000,Not Applicable,15,3:00pm-3:59pm,24,24,15,3:00pm-3:59pm,29,29,16,4:00pm-4:59pm,0,0,1
39,Ohio,390752,0,0,2,2,0,5,5,17,BUTLER (17),0,NOT APPLICABLE,7,July,26,26,3,Tuesday,2022,4,4:00am-4:59am,8,8,US-127 HAMILTON EATON RD,CR-27 EATON RD,2,US Highway,1,Rural,4,Minor Arterial,1,State Highway Agency,0,This section IS NOT on the NHS,0,No Special Jurisdiction,159,159,39.50625,39.50625,-84.60003611,-84.60003611,12,Motor Vehicle In-Transport,6,Angle,0,No,2,Intersection,2,Four-Way Intersection,1,On Roadway,0,None,2,Dark - Not Lighted,1,Clear,0,No,0000000,Not Applicable,4,4:00am-4:59am,18,18,4,4:00am-4:59am,25,25,4,4:00am-4:59am,55,55,1
39,Ohio,390753,0,0,2,2,0,2,2,93,LORAIN (93),7480,SHEFFIELD,8,August,23,23,3,Tuesday,2022,22,10:00pm-10:59pm,14,14,SR-301 ABBE RD,NA,3,State Highway,2,Urban,4,Minor Arterial,1,State Highway Agency,0,This section IS NOT on the NHS,0,No Special Jurisdiction,250,250,41.46572222,41.46572222,-82.076075,-82.076075,12,Motor Vehicle In-Transport,2,Front-to-Front,0,No,1,Non-Junction,1,Not an Intersection,1,On Roadway,0,None,3,Dark - Lighted,10,Cloudy,0,No,0000000,Not Applicable,22,10:00pm-10:59pm,28,28,22,10:00pm-10:59pm,53,53,23,11:00pm-11:59pm,33,33,1
39,Ohio,390754,0,0,2,2,0,3,3,139,RICHLAND (139),0,NOT APPLICABLE,7,July,22,22,6,Friday,2022,16,4:00pm-4:59pm,58,58,SR-430,NA,3,State Highway,1,Rural,5,Major Collector,1,State Highway Agency,0,This section IS NOT on the NHS,0,No Special Jurisdiction,109,109,40.76766111,40.76766111,-82.40678056,-82.40678056,12,Motor Vehicle In-Transport,2,Front-to-Front,0,No,1,Non-Junction,1,Not an Intersection,1,On Roadway,0,None,1,Daylight,1,Clear,0,No,0000000,Not Applicable,16,4:00pm-4:59pm,55,55,17,5:00pm-5:59pm,0,0,17,5:00pm-5:59pm,26,26,1
39,Ohio,390756,0,0,1,1,0,2,2,49,FRANKLIN (49),8730,WESTERVILLE,8,August,30,30,3,Tuesday,2022,12,12:00pm-12:59pm,2,2,LIBERTY LN,NA,6,Local Street - Municipality,2,Urban,7,Local,4,City or Municipal Highway Agency,0,This section IS NOT on the NHS,0,No Special Jurisdiction,0,None,40.11241111,40.11241111,-82.90068056,-82.90068056,42,Tree (Standing Only),0,The First Harmful Event was Not a Collision with a Motor Vehicle in Transport,0,No,1,Non-Junction,1,Not an Intersection,4,On Roadside,0,None,1,Daylight,10,Cloudy,0,No,0000000,Not Applicable,12,12:00pm-12:59pm,2,2,12,12:00pm-12:59pm,5,5,88,Not Applicable (Not Transported),88,Not Applicable (Not Transported),2
39,Ohio,390757,0,0,2,2,0,3,3,49,FRANKLIN (49),1800,COLUMBUS,8,August,31,31,4,Wednesday,2022,13,1:00pm-1:59pm,35,35,SULLIVANT AV,Wrexham AV,6,Local Street - Municipality,2,Urban,4,Minor Arterial,4,City or Municipal Highway Agency,0,This section IS NOT on the NHS,0,No Special Jurisdiction,0,None,39.94731111,39.94731111,-83.05328056,-83.05328056,12,Motor Vehicle In-Transport,6,Angle,0,No,2,Intersection,2,Four-Way Intersection,1,On Roadway,0,None,1,Daylight,1,Clear,0,No,0000000,Not Applicable,13,1:00pm-1:59pm,37,37,13,1:00pm-1:59pm,38,38,13,1:00pm-1:59pm,48,48,1
39,Ohio,390758,0,0,2,2,0,2,2,95,LUCAS (95),8120,TOLEDO,9,September,6,6,3,Tuesday,2022,0,0:00am-0:59am,11,11,SR-51 MONROE ST,NA,3,State Highway,2,Urban,3,Principal Arterial - Other,1,State Highway Agency,1,This section IS ON the NHS,0,No Special Jurisdiction,92,92,41.69141944,41.69141944,-83.62660556,-83.62660556,12,Motor Vehicle In-Transport,7,Sideswipe - Same Direction,0,No,1,Non-Junction,1,Not an Intersection,1,On Roadway,0,None,3,Dark - Lighted,1,Clear,0,No,0000000,Not Applicable,0,0:00am-0:59am,13,13,0,0:00am-0:59am,16,16,88,Not Applicable (Not Transported),88,Not Applicable (Not Transported),1
39,Ohio,390759,0,0,2,2,0,3,3,61,HAMILTON (61),3680,INDIAN HILL,8,August,20,20,7,Saturday,2022,8,8:00am-8:59am,39,39,GIVEN RD,BEECH TL,6,Local Street - Municipality,2,Urban,7,Local,4,City or Municipal Highway Agency,0,This section IS NOT on the NHS,0,No Special Jurisdiction,0,None,39.21367778,39.21367778,-84.32348889,-84.32348889,12,Motor Vehicle In-Transport,6,Angle,0,No,2,Intersection,3,T-Intersection,1,On Roadway,0,None,1,Daylight,1,Clear,0,No,0000000,Not Applicable,8,8:00am-8:59am,42,42,8,8:00am-8:59am,47,47,88,Not Applicable (Not Transported),88,Not Applicable (Not Transported),1
39,Ohio,390760,0,0,1,1,0,1,1,91,LOGAN (91),0,NOT APPLICABLE,7,July,24,24,1,Sunday,2022,1,1:00am-1:59am,29,29,SR-117,NA,3,State Highway,2,Urban,5,Major Collector,1,State Highway Agency,0,This section IS NOT on the NHS,0,No Special Jurisdiction,28,28,40.49006389,40.49006389,-83.81368333,-83.81368333,30,Utility Pole/Light Support,0,The First Harmful Event was Not a Collision with a Motor Vehicle in Transport,0,No,1,Non-Junction,1,Not an Intersection,4,On Roadside,0,None,2,Dark - Not Lighted,1,Clear,0,No,0000000,Not Applicable,1,1:00am-1:59am,41,41,1,1:00am-1:59am,53,53,88,Not Applicable (Not Transported),88,Not Applicable (Not Transported),1
39,Ohio,390761,0,0,1,1,0,1,1,41,DELAWARE (41),0,NOT APPLICABLE,8,August,27,27,7,Saturday,2022,16,4:00pm-4:59pm,47,47,SR-37 GRANVILLE ST,NA,3,State Highway,1,Rural,3,Principal Arterial - Other,1,State Highway Agency,1,This section IS ON the NHS,0,No Special Jurisdiction,231,231,40.23477222,40.23477222,-82.84953333,-82.84953333,17,Boulder,0,The First Harmful Event was Not a Collision with a Motor Vehicle in Transport,0,No,1,Non-Junction,1,Not an Intersection,4,On Roadside,0,None,1,Daylight,1,Clear,0,No,0000000,Not Applicable,16,4:00pm-4:59pm,42,42,16,4:00pm-4:59pm,48,48,88,Not Applicable (Not Transported),88,Not Applicable (Not Transported),1
39,Ohio,390762,0,0,1,1,0,1,1,133,PORTAGE (133),0,NOT APPLICABLE,8,August,20,20,7,Saturday,2022,20,8:00pm-8:59pm,36,36,I-80,NA,1,Interstate,1,Rural,1,Interstate,31,State Toll Road,1,This section IS ON the NHS,0,No Special Jurisdiction,98,98,41.24371667,41.24371667,-81.20456111,-81.20456111,25,Concrete Traffic Barrier,0,The First Harmful Event was Not a Collision with a Motor Vehicle in Transport,0,No,1,Non-Junction,1,Not an Intersection,3,On Median,0,None,2,Dark - Not Lighted,2,Rain,0,No,0000000,Not Applicable,20,8:00pm-8:59pm,40,40,20,8:00pm-8:59pm,48,48,21,9:00pm-9:59pm,40,40,1