STATE,STATENAME,ST_CASE,PEDS,PERNOTMVIT,VE_TOTAL,VE_FORMS,PVH_INVL,PERSONS,PERMVIT,COUNTY,COUNTYNAME,CITY,CITYNAME,MONTH,MONTHNAME,DAY,DAYNAME,DAY_WEEK,DAY_WEEKNAME,YEAR,HOUR,HOURNAME,MINUTE,MINUTENAME,TWAY_ID,TWAY_ID2,ROUTE,ROUTENAME,RUR_URB,RUR_URBNAME,FUNC_SYS,FUNC_SYSNAME,RD_OWNER,RD_OWNERNAME,NHS,NHSNAME,SP_JUR,SP_JURNAME,MILEPT,MILEPTNAME,LATITUDE,LATITUDENAME,LONGITUD,LONGITUDNAME,HARM_EV,HARM_EVNAME,MAN_COLL,MAN_COLLNAME,RELJCT1,RELJCT1NAME,RELJCT2,RELJCT2NAME,TYP_INT,TYP_INTNAME,REL_ROAD,REL_ROADNAME,WRK_ZONE,WRK_ZONENAME,LGT_COND,LGT_CONDNAME,WEATHER,WEATHERNAME,SCH_BUS,SCH_BUSNAME,RAIL,RAILNAME,NOT_HOUR,NOT_HOURNAME,NOT_MIN,NOT_MINNAME,ARR_HOUR,ARR_HOURNAME,ARR_MIN,ARR_MINNAME,HOSP_HR,HOSP_HRNAME,HOSP_MN,HOSP_MNNAME,FATALS
39,Ohio,390879,0,0,1,1,0,1,1,119,MUSKINGUM (119),0,NOT APPLICABLE,10,October,1,1,7,Saturday,2022,2,2:00am-2:59am,9,9,SR-60 RIVER RD,NA,3,State Highway,2,Urban,4,Minor Arterial,1,State Highway Agency,0,This section IS NOT on the NHS,0,No Special Jurisdiction,135,135,39.89630556,39.89630556,-81.99844444,-81.99844444,24,Guardrail Face,0,The First Harmful Event was Not a Collision with a Motor Vehicle in Transport,0,No,1,Non-Junction,1,Not an Intersection,4,On Roadside,0,None,2,Dark - Not Lighted,10,Cloudy,0,No,0000000,Not Applicable,99,Unknown,99,Unknown,2,2:00am-2:59am,25,25,88,Not Applicable (Not Transported),88,Not Applicable (Not Transported),1
39,Ohio,390880,0,0,4,4,0,8,8,85,LAKE (85),0,NOT APPLICABLE,9,September,30,30,6,Friday,2022,12,12:00pm-12:59pm,45,45,US-20 RIDGE RD,NA,2,US Highway,2,Urban,3,Principal Arterial - Other,1,State Highway Agency,1,This section IS ON the NHS,0,No Special Jurisdiction,253,253,41.79372778,41.79372778,-81.09689444,-81.09689444,12,Motor Vehicle In-Transport,8,Sideswipe - Opposite Direction,0,No,1,Non-Junction,1,Not an Intersection,1,On Roadway,0,None,1,Daylight,1,Clear,0,No,0000000,Not Applicable,12,12:00pm-12:59pm,45,45,12,12:00pm-12:59pm,51,51,13,1:00pm-1:59pm,12,12,1
39,Ohio,390881,0,0,1,1,0,1,1,153,SUMMIT (153),4555,MACEDONIA,9,September,30,30,6,Friday,2022,3,3:00am-3:59am,43,43,I-271,NA,1,Interstate,2,Urban,1,Interstate,1,State Highway Agency,1,This section IS ON the NHS,0,No Special Jurisdiction,127,127,41.31595,41.31595,-81.513175,-81.513175,26,Other Traffic Barrier,0,The First Harmful Event was Not a Collision with a Motor Vehicle in Transport,0,No,1,Non-Junction,1,Not an Intersection,3,On Median,0,None,3,Dark - Lighted,1,Clear,0,No,0000000,Not Applicable,3,3:00am-3:59am,44,44,3,3:00am-3:59am,47,47,88,Not Applicable (Not Transported),88,Not Applicable (Not Transported),1
39,Ohio,390882,0,0,2,2,0,4,4,35,CUYAHOGA (35),8537,WARRENSVILLE HEIGHTS,9,September,25,25,1,Sunday,2022,14,2:00pm-2:59pm,1,1,SR-43 MILES RD,NA,3,State Highway,2,Urban,3,Principal Arterial - Other,1,State Highway Agency,1,This section IS ON the NHS,0,No Special Jurisdiction,100,100,41.43501667,41.43501667,-81.54611667,-81.54611667,12,Motor Vehicle In-Transport,6,Angle,0,No,1,Non-Junction,1,Not an Intersection,1,On Roadway,0,None,1,Daylight,1,Clear,0,No,0000000,Not Applicable,99,Unknown,99,Unknown,99,Unknown EMS Scene Arrival Hour,99,Unknown EMS Scene Arrival Minutes,99,Unknown,99,Unknown EMS Hospital Arrival Time,1
39,Ohio,390883,0,0,1,1,0,3,3,151,STARK (151),1320,CANTON,10,October,1,1,7,Saturday,2022,21,9:00pm-9:59pm,21,21,CR-254 HARRISON AVE NW,NA,4,County Road,2,Urban,4,Minor Arterial,2,County Highway Agency,0,This section IS NOT on the NHS,0,No Special Jurisdiction,0,None,40.80758889,40.80758889,-81.39793889,-81.39793889,1,Rollover/Overturn,0,The First Harmful Event was Not a Collision with a Motor Vehicle in Transport,0,No,1,Non-Junction,1,Not an Intersection,4,On Roadside,0,None,3,Dark - Lighted,10,Cloudy,0,No,0000000,Not Applicable,21,9:00pm-9:59pm,27,27,21,9:00pm-9:59pm,31,31,21,9:00pm-9:59pm,56,56,2
39,Ohio,390884,0,0,1,1,0,2,2,49,FRANKLIN (49),1800,COLUMBUS,10,October,2,2,1,Sunday,2022,4,4:00am-4:59am,6,6,I-71,NA,1,Interstate,2,Urban,1,Interstate,1,State Highway Agency,1,This section IS ON the NHS,0,No Special Jurisdiction,171,171,39.95695278,39.95695278,-82.98283889,-82.98283889,24,Guardrail Face,0,The First Harmful Event was Not a Collision with a Motor Vehicle in Transport,0,No,1,Non-Junction,1,Not an Intersection,4,On Roadside,0,None,3,Dark - Lighted,1,Clear,0,No,0000000,Not Applicable,4,4:00am-4:59am,39,39,4,4:00am-4:59am,48,48,5,5:00am-5:59am,8,8,1
39,Ohio,390885,0,0,3,3,0,3,3,113,MONTGOMERY (113),8180,TROTWOOD,10,October,1,1,7,Saturday,2022,21,9:00pm-9:59pm,21,21,CR-230 WOLF CREEK  PIKE,OLIVE RD,4,County Road,2,Urban,4,Minor Arterial,1,State Highway Agency,0,This section IS NOT on the NHS,0,No Special Jurisdiction,0,None,39.79401111,39.79401111,-84.29217222,-84.29217222,7,Other Non-Collision,0,The First Harmful Event was Not a Collision with a Motor Vehicle in Transport,0,No,2,Intersection,2,Four-Way Intersection,1,On Roadway,0,None,3,Dark - Lighted,1,Clear,0,No,0000000,Not Applicable,21,9:00pm-9:59pm,23,23,21,9:00pm-9:59pm,28,28,88,Not Applicable (Not Transported),88,Not Applicable (Not Transported),1
39,Ohio,390886,0,0,1,1,0,1,1,119,MUSKINGUM (119),0,NOT APPLICABLE,9,September,29,29,5,Thursday,2022,23,11:00pm-11:59pm,20,20,SR-586,NA,3,State Highway,1,Rural,5,Major Collector,1,State Highway Agency,0,This section IS NOT on the NHS,0,No Special Jurisdiction,15,15,40.085375,40.085375,-82.16261389,-82.16261389,32,Culvert,0,The First Harmful Event was Not a Collision with a Motor Vehicle in Transport,0,No,1,Non-Junction,1,Not an Intersection,4,On Roadside,0,None,2,Dark - Not Lighted,1,Clear,0,No,0000000,Not Applicable,23,11:00pm-11:59pm,19,19,23,11:00pm-11:59pm,26,26,88,Not Applicable (Not Transported),88,Not Applicable (Not Transported),1
39,Ohio,390887,0,0,1,1,0,1,1,165,WARREN (165),8650,WAYNESVILLE,10,October,2,2,1,Sunday,2022,15,3:00pm-3:59pm,32,32,SR-73,NA,3,State Highway,2,Urban,4,Minor Arterial,1,State Highway Agency,0,This section IS NOT on the NHS,0,No Special Jurisdiction,145,145,39.52374167,39.52374167,-84.08627778,-84.08627778,33,Curb,0,The First Harmful Event was Not a Collision with a Motor Vehicle in Transport,0,No,1,Non-Junction,1,Not an Intersection,4,On Roadside,0,None,1,Daylight,1,Clear,0,No,0000000,Not Applicable,15,3:00pm-3:59pm,41,41,15,3:00pm-3:59pm,52,52,88,Not Applicable (Not Transported),88,Not Applicable (Not Transported),1
39,Ohio,390888,0,0,2,2,0,4,4,113,MONTGOMERY (113),6990,RIVERSIDE,7,July,25,25,2,Monday,2022,19,7:00pm-7:59pm,26,26,SR-202 OLD TROY PIKE,NA,3,State Highway,2,Urban,3,Principal Arterial - Other,1,State Highway Agency,1,This section IS ON the NHS,0,No Special Jurisdiction,37,37,39.81795,39.81795,-84.14636667,-84.14636667,12,Motor Vehicle In-Transport,2,Front-to-Front,0,No,8,Driveway Access Related,1,Not an Intersection,1,On Roadway,0,None,1,Daylight,1,Clear,0,No,0000000,Not Applicable,19,7:00pm-7:59pm,26,26,19,7:00pm-7:59pm,32,32,19,7:00pm-7:59pm,49,49,1
39,Ohio,390889,0,0,2,2,0,2,2,35,CUYAHOGA (35),1680,CLEVELAND,9,September,7,7,4,Wednesday,2022,11,11:00am-11:59am,40,40,I-77 WILLOW FWY,NA,1,Interstate,2,Urban,1,Interstate,1,State Highway Agency,1,This section IS ON the NHS,0,No Special Jurisdiction,136,136,41.46856389,41.46856389,-81.65916111,-81.65916111,12,Motor Vehicle In-Transport,1,Front-to-Rear,1,Yes,18,Through Roadway,1,Not an Intersection,1,On Roadway,0,None,1,Daylight,1,Clear,0,No,0000000,Not Applicable,11,11:00am-11:59am,45,45,11,11:00am-11:59am,58,58,12,12:00pm-12:59pm,14,14,1
39,Ohio,390890,0,0,2,2,0,3,3,29,COLUMBIANA (29),0,NOT APPLICABLE,9,September,23,23,6,Friday,2022,16,4:00pm-4:59pm,30,30,SR-172 NEW GARDEN AV,NA,3,State Highway,1,Rural,5,Major Collector,1,State Highway Agency,0,This section IS NOT on the NHS,0,No Special Jurisdiction,59,59,40.78757222,40.78757222,-80.98077778,-80.98077778,12,Motor Vehicle In-Transport,2,Front-to-Front,0,No,1,Non-Junction,1,Not an Intersection,1,On Roadway,0,None,1,Daylight,1,Clear,0,No,0000000,Not Applicable,16,4:00pm-4:59pm,44,44,17,5:00pm-5:59pm,14,14,17,5:00pm-5:59pm,41,41,1
39,Ohio,390891,0,0,1,1,0,4,4,103,MEDINA (103),0,NOT APPLICABLE,9,September,24,24,7,Saturday,2022,7,7:00am-7:59am,13,13,I-71,NA,1,Interstate,1,Rural,1,Interstate,1,State Highway Agency,1,This section IS ON the NHS,0,No Special Jurisdiction,198,198,41.17836667,41.17836667,-81.78749444,-81.78749444,1,Rollover/Overturn,0,The First Harmful Event was Not a Collision with a Motor Vehicle in Transport,0,No,1,Non-Junction,1,Not an Intersection,4,On Roadside,0,None,4,Dawn,1,Clear,0,No,0000000,Not Applicable,7,7:00am-7:59am,12,12,7,7:00am-7:59am,22,22,7,7:00am-7:59am,44,44,1
39,Ohio,390892,0,0,2,2,0,4,4,127,PERRY (127),0,NOT APPLICABLE,9,September,27,27,3,Tuesday,2022,14,2:00pm-2:59pm,1,1,SR-668,NA,3,State Highway,1,Rural,5,Major Collector,1,State Highway Agency,0,This section IS NOT on the NHS,0,No Special Jurisdiction,86,86,39.70150278,39.70150278,-82.28832778,-82.28832778,12,Motor Vehicle In-Transport,2,Front-to-Front,0,No,1,Non-Junction,1,Not an Intersection,1,On Roadway,0,None,1,Daylight,1,Clear,0,No,0000000,Not Applicable,14,2:00pm-2:59pm,0,0,14,2:00pm-2:59pm,5,5,15,3:00pm-3:59pm,4,4,1
39,Ohio,390893,0,0,2,2,0,2,2,71,HIGHLAND (71),0,NOT APPLICABLE,9,September,29,29,5,Thursday,2022,7,7:00am-7:59am,9,9,SR-321,NA,3,State Highway,1,Rural,5,Major Collector,1,State Highway Agency,0,This section IS NOT on the NHS,0,No Special Jurisdiction,78,78,39.05285,39.05285,-83.72259167,-83.72259167,12,Motor Vehicle In-Transport,6,Angle,0,No,1,Non-Junction,1,Not an Intersection,1,On Roadway,0,None,2,Dark - Not Lighted,1,Clear,0,No,0000000,Not Applicable,7,7:00am-7:59am,9,9,7,7:00am-7:59am,20,20,88,Not Applicable (Not Transported),88,Not Applicable (Not Transported),1
39,Ohio,390894,0,0,2,2,0,2,2,153,SUMMIT (153),0,NOT APPLICABLE,10,October,1,1,7,Saturday,2022,2,2:00am-2:59am,28,28,SR-18 AKRON MEDINA RD,NA,3,State Highway,2,Urban,3,Principal Arterial - Other,1,State Highway Agency,1,This section IS ON the NHS,0,No Special Jurisdiction,14,14,41.13602778,41.13602778,-81.66021389,-81.66021389,12,Motor Vehicle In-Transport,1,Front-to-Rear,0,No,1,Non-Junction,1,Not an Intersection,1,On Roadway,0,None,3,Dark - Lighted,10,Cloudy,0,No,0000000,Not Applicable,2,2:00am-2:59am,38,38,2,2:00am-2:59am,41,41,88,Not Applicable (Not Transported),88,Not Applicable (Not Transported),1
39,Ohio,390895,0,0,1,1,0,1,1,3,ALLEN (3),0,NOT APPLICABLE,10,October,1,1,7,Saturday,2022,22,10:00pm-10:59pm,5,5,TR-162 STEWART RD,NA,5,Local Street - Township,1,Rural,7,Local,3,Town or Township Highway Agency,0,This section IS NOT on the NHS,0,No Special Jurisdiction,0,None,40.84439167,40.84439167,-84.0711,-84.0711,30,Utility Pole/Light Support,0,The First Harmful Event was Not a Collision with a Motor Vehicle in Transport,0,No,1,Non-Junction,1,Not an Intersection,4,On Roadside,0,None,2,Dark - Not Lighted,1,Clear,0,No,0000000,Not Applicable,22,10:00pm-10:59pm,6,6,22,10:00pm-10:59pm,16,16,88,Not Applicable (Not Transported),88,Not Applicable (Not Transported),1
39,Ohio,390896,0,0,1,1,0,1,1,49,FRANKLIN (49),3210,GROVEPORT,10,October,6,6,5,Thursday,2022,21,9:00pm-9:59pm,47,47,CR-229 BIXBY RD,NA,4,County Road,2,Urban,5,Major Collector,2,County Highway Agency,0,This section IS NOT on the NHS,0,No Special Jurisdiction,0,None,39.87144167,39.87144167,-82.8852,-82.8852,52,Guardrail End,0,The First Harmful Event was Not a Collision with a Motor Vehicle in Transport,0,No,1,Non-Junction,1,Not an Intersection,4,On Roadside,0,None,2,Dark - Not Lighted,1,Clear,0,No,0000000,Not Applicable,21,9:00pm-9:59pm,49,49,21,9:00pm-9:59pm,51,51,88,Not Applicable (Not Transported),88,Not Applicable (Not Transported),1
39,Ohio,390897,1,1,1,1,0,1,1,145,SCIOTO (145),6700,PORTSMOUTH,10,October,8,8,7,Saturday,2022,19,7:00pm-7:59pm,26,26,US-52 ROBINSON ST,NA,2,US Highway,2,Urban,3,Principal Arterial - Other,1,State Highway Agency,1,This section IS ON the NHS,0,No Special Jurisdiction,4,4,38.73971111,38.73971111,-82.97748611,-82.97748611,8,Pedestrian,0,The First Harmful Event was Not a Collision with a Motor Vehicle in Transport,0,No,1,Non-Junction,1,Not an Intersection,1,On Roadway,0,None,3,Dark - Lighted,1,Clear,0,No,0000000,Not Applicable,99,Unknown,99,Unknown,99,Unknown EMS Scene Arrival Hour,99,Unknown EMS Scene Arrival Minutes,99,Unknown,99,Unknown EMS Hospital Arrival Time,1
39,Ohio,390898,1,1,1,1,0,1,1,153,SUMMIT (153),0,NOT APPLICABLE,10,October,8,8,7,Saturday,2022,23,11:00pm-11:59pm,57,57,SR-18 AKRON MEDINA RD,CR-200 CRYSTAL LAKE RD,3,State Highway,2,Urban,3,Principal Arterial - Other,1,State Highway Agency,1,This section IS ON the NHS,0,No Special Jurisdiction,15,15,41.13603333,41.13603333,-81.65753611,-81.65753611,8,Pedestrian,0,The First Harmful Event was Not a Collision with a Motor Vehicle in Transport,0,No,3,Intersection-Related,2,Four-Way Intersection,1,On Roadway,0,None,3,Dark - Lighted,1,Clear,0,No,0000000,Not Applicable,23,11:00pm-11:59pm,58,58,0,0:00am-0:59am,0,0,0,0:00am-0:59am,18,18,1
39,Ohio,390899,0,0,1,1,0,1,1,89,LICKING (89),0,NOT APPLICABLE,10,October,7,7,6,Friday,2022,0,0:00am-0:59am,45,45,CR-21 NORTHRIDGE RD,NA,4,County Road,1,Rural,6,Minor Collector,2,County Highway Agency,0,This section IS NOT on the NHS,0,No Special Jurisdiction,0,None,40.13143889,40.13143889,-82.61460556,-82.61460556,34,Ditch,0,The First Harmful Event was Not a Collision with a Motor Vehicle in Transport,0,No,1,Non-Junction,1,Not an Intersection,4,On Roadside,0,None,2,Dark - Not Lighted,1,Clear,0,No,0000000,Not Applicable,99,Unknown,99,Unknown,99,Unknown EMS Scene Arrival Hour,99,Unknown EMS Scene Arrival Minutes,99,Unknown,99,Unknown EMS Hospital Arrival Time,1
39,Ohio,390900,0,0,2,2,0,2,2,173,WOOD (173),0,NOT APPLICABLE,10,October,6,6,5,Thursday,2022,13,1:00pm-1:59pm,0,0,US-6,NA,2,US Highway,1,Rural,3,Principal Arterial - Other,1,State Highway Agency,1,This section IS ON the NHS,0,No Special Jurisdiction,98,98,41.36183889,41.36183889,-83.70001667,-83.70001667,12,Motor Vehicle In-Transport,2,Front-to-Front,0,No,1,Non-Junction,1,Not an Intersection,1,On Roadway,0,None,1,Daylight,1,Clear,0,No,0000000,Not Applicable,13,1:00pm-1:59pm,5,5,13,1:00pm-1:59pm,10,10,13,1:00pm-1:59pm,57,57,1
39,Ohio,390901,0,0,2,2,0,4,4,89,LICKING (89),0,NOT APPLICABLE,8,August,24,24,4,Wednesday,2022,9,9:00am-9:59am,3,3,SR-37 JOHNSTOWN ALEXANDRIA RD,SR-310 HAZELTON ETNA RD,3,State Highway,1,Rural,3,Principal Arterial - Other,1,State Highway Agency,1,This section IS ON the NHS,0,No Special Jurisdiction,70,70,40.12588611,40.12588611,-82.65828889,-82.65828889,12,Motor Vehicle In-Transport,6,Angle,0,No,2,Intersection,3,T-Intersection,1,On Roadway,0,None,1,Daylight,1,Clear,0,No,0000000,Not Applicable,9,9:00am-9:59am,11,11,9,9:00am-9:59am,21,21,10,10:00am-10:59am,16,16,1
39,Ohio,390904,0,0,3,3,0,5,5,49,FRANKLIN (49),3200,GROVE CITY,10,October,9,9,1,Sunday,2022,14,2:00pm-2:59pm,22,22,SR-104 JACKSON PIKE,NA,3,State Highway,2,Urban,4,Minor Arterial,1,State Highway Agency,0,This section IS NOT on the NHS,0,No Special Jurisdiction,22,22,39.83649722,39.83649722,-83.03170833,-83.03170833,12,Motor Vehicle In-Transport,6,Angle,0,No,1,Non-Junction,1,Not an Intersection,1,On Roadway,0,None,1,Daylight,1,Clear,0,No,0000000,Not Applicable,14,2:00pm-2:59pm,23,23,14,2:00pm-2:59pm,31,31,14,2:00pm-2:59pm,51,51,1
39,Ohio,390905,1,1,2,2,0,3,3,49,FRANKLIN (49),1800,COLUMBUS,10,October,11,11,3,Tuesday,2022,17,5:00pm-5:59pm,44,44,US-23 HIGH ST,CR-123 WILLIAMS RD,2,US Highway,2,Urban,3,Principal Arterial - Other,1,State Highway Agency,1,This section IS ON the NHS,0,No Special Jurisdiction,62,62,39.89186944,39.89186944,-82.99653889,-82.99653889,12,Motor Vehicle In-Transport,6,Angle,0,No,2,Intersection,2,Four-Way Intersection,1,On Roadway,0,None,1,Daylight,1,Clear,0,No,0000000,Not Applicable,17,5:00pm-5:59pm,45,45,17,5:00pm-5:59pm,47,47,18,6:00pm-6:59pm,0,0,1
39,Ohio,390906,0,0,1,1,0,1,1,35,CUYAHOGA (35),1680,CLEVELAND,10,October,11,11,3,Tuesday,2022,10,10:00am-10:59am,15,15,CR-382 E 55TH ST,NA,4,County Road,2,Urban,4,Minor Arterial,2,County Highway Agency,0,This section IS NOT on the NHS,0,No Special Jurisdiction,0,None,41.53723889,41.53723889,-81.64215,-81.64215,23,Bridge Rail (Includes parapet),0,The First Harmful Event was Not a Collision with a Motor Vehicle in Transport,0,No,1,Non-Junction,1,Not an Intersection,4,On Roadside,0,None,1,Daylight,1,Clear,0,No,0000000,Not Applicable,10,10:00am-10:59am,23,23,10,10:00am-10:59am,30,30,11,11:00am-11:59am,9,9,1
39,Ohio,390907,1,1,1,1,0,1,1,61,HAMILTON (61),1610,CINCINNATI,10,October,9,9,1,Sunday,2022,14,2:00pm-2:59pm,0,0,CR-690 LAIDLAW AV,CORINTH AV,4,County Road,2,Urban,5,Major Collector,2,County Highway Agency,0,This section IS NOT on the NHS,0,No Special Jurisdiction,0,None,39.17794722,39.17794722,-84.47905833,-84.47905833,8,Pedestrian,0,The First Harmful Event was Not a Collision with a Motor Vehicle in Transport,0,No,2,Intersection,3,T-Intersection,1,On Roadway,0,None,1,Daylight,1,Clear,0,No,0000000,Not Applicable,14,2:00pm-2:59pm,2,2,14,2:00pm-2:59pm,7,7,14,2:00pm-2:59pm,17,17,1
39,Ohio,390908,0,0,2,2,0,3,3,47,FAYETTE (47),0,NOT APPLICABLE,10,October,5,5,4,Wednesday,2022,16,4:00pm-4:59pm,28,28,US-62,NA,2,US Highway,1,Rural,4,Minor Arterial,1,State Highway Agency,0,This section IS NOT on the NHS,0,No Special Jurisdiction,166,166,39.57866944,39.57866944,-83.39742778,-83.39742778,12,Motor Vehicle In-Transport,8,Sideswipe - Opposite Direction,0,No,1,Non-Junction,1,Not an Intersection,1,On Roadway,0,None,1,Daylight,1,Clear,0,No,0000000,Not Applicable,16,4:00pm-4:59pm,30,30,16,4:00pm-4:59pm,37,37,88,Not Applicable (Not Transported),88,Not Applicable (Not Transported),1
39,Ohio,390909,0,0,2,2,0,2,2,77,HURON (77),0,NOT APPLICABLE,10,October,5,5,4,Wednesday,2022,20,8:00pm-8:59pm,34,34,SR-61,NA,3,State Highway,2,Urban,5,Major Collector,1,State Highway Agency,0,This section IS NOT on the NHS,0,No Special Jurisdiction,219,219,41.27055556,41.27055556,-82.57027778,-82.57027778,12,Motor Vehicle In-Transport,1,Front-to-Rear,0,No,1,Non-Junction,1,Not an Intersection,1,On Roadway,0,None,2,Dark - Not Lighted,1,Clear,0,No,0000000,Not Applicable,20,8:00pm-8:59pm,36,36,20,8:00pm-8:59pm,45,45,88,Not Applicable (Not Transported),88,Not Applicable (Not Transported),1
39,Ohio,390910,0,0,2,2,0,5,5,93,LORAIN (93),0,NOT APPLICABLE,10,October,4,4,3,Tuesday,2022,17,5:00pm-5:59pm,59,59,US-20,TR-030 QUARRY RD,2,US Highway,1,Rural,3,Principal Arterial - Other,1,State Highway Agency,1,This section IS ON the NHS,0,No Special Jurisdiction,45,45,41.26508889,41.26508889,-82.25615,-82.25615,12,Motor Vehicle In-Transport,2,Front-to-Front,0,No,3,Intersection-Related,2,Four-Way Intersection,1,On Roadway,0,None,1,Daylight,1,Clear,0,No,0000000,Not Applicable,18,6:00pm-6:59pm,5,5,18,6:00pm-6:59pm,16,16,18,6:00pm-6:59pm,52,52,1
39,Ohio,390911,0,0,2,2,0,2,2,77,HURON (77),0,NOT APPLICABLE,10,October,6,6,5,Thursday,2022,9,9:00am-9:59am,10,10,CR-30 SECTION LINE RD,TR-23 YOUNG RD,4,County Road,1,Rural,6,Minor Collector,2,County Highway Agency,0,This section IS NOT on the NHS,0,No Special Jurisdiction,0,None,41.25549722,41.25549722,-82.79053333,-82.79053333,12,Motor Vehicle In-Transport,6,Angle,0,No,2,Intersection,2,Four-Way Intersection,1,On Roadway,0,None,1,Daylight,1,Clear,0,No,0000000,Not Applicable,9,9:00am-9:59am,15,15,9,9:00am-9:59am,23,23,9,9:00am-9:59am,44,44,1
39,Ohio,390912,1,1,4,4,0,4,4,25,CLERMONT (25),0,NOT APPLICABLE,10,October,7,7,6,Friday,2022,6,6:00am-6:59am,29,29,I-275,NA,1,Interstate,2,Urban,1,Interstate,1,State Highway Agency,1,This section IS ON the NHS,0,No Special Jurisdiction,125,125,39.07225,39.07225,-84.295175,-84.295175,12,Motor Vehicle In-Transport,1,Front-to-Rear,0,No,1,Non-Junction,1,Not an Intersection,1,On Roadway,0,None,3,Dark - Lighted,10,Cloudy,0,No,0000000,Not Applicable,6,6:00am-6:59am,31,31,6,6:00am-6:59am,38,38,88,Not Applicable (Not Transported),88,Not Applicable (Not Transported),1
39,Ohio,390913,1,1,1,1,0,1,1,167,WASHINGTON (167),0,NOT APPLICABLE,10,October,8,8,7,Saturday,2022,21,9:00pm-9:59pm,25,25,SR-7,NA,3,State Highway,2,Urban,3,Principal Arterial - Other,1,State Highway Agency,1,This section IS ON the NHS,0,No Special Jurisdiction,270,270,39.37639167,39.37639167,-81.39811944,-81.39811944,8,Pedestrian,0,The First Harmful Event was Not a Collision with a Motor Vehicle in Transport,0,No,8,Driveway Access Related,1,Not an Intersection,1,On Roadway,0,None,2,Dark - Not Lighted,1,Clear,0,No,0000000,Not Applicable,21,9:00pm-9:59pm,31,31,21,9:00pm-9:59pm,34,34,21,9:00pm-9:59pm,48,48,1
39,Ohio,390914,0,0,2,2,0,3,3,153,SUMMIT (153),0,NOT APPLICABLE,10,October,12,12,4,Wednesday,2022,13,1:00pm-1:59pm,31,31,SR-303 STREETSBORO RD,CR-2 MEDINA LINE RD,3,State Highway,1,Rural,5,Major Collector,1,State Highway Agency,0,This section IS NOT on the NHS,0,No Special Jurisdiction,172,172,41.23961944,41.23961944,-81.67700278,-81.67700278,12,Motor Vehicle In-Transport,2,Front-to-Front,0,No,2,Intersection,3,T-Intersection,1,On Roadway,0,None,1,Daylight,1,Clear,0,No,0000000,Not Applicable,99,Unknown,99,Unknown,99,Unknown EMS Scene Arrival Hour,99,Unknown EMS Scene Arrival Minutes,99,Unknown,99,Unknown EMS Hospital Arrival Time,1
39,Ohio,390915,0,0,2,2,0,2,2,161,VAN WERT (161),0,NOT APPLICABLE,10,October,13,13,5,Thursday,2022,10,10:00am-10:59am,3,3,US-127,NA,2,US Highway,1,Rural,4,Minor Arterial,1,State Highway Agency,0,This section IS NOT on the NHS,0,No Special Jurisdiction,23,23,40.76176389,40.76176389,-84.58105556,-84.58105556,12,Motor Vehicle In-Transport,8,Sideswipe - Opposite Direction,0,No,1,Non-Junction,1,Not an Intersection,1,On Roadway,0,None,1,Daylight,1,Clear,0,No,0000000,Not Applicable,10,10:00am-10:59am,11,11,10,10:00am-10:59am,21,21,88,Not Applicable (Not Transported),88,Not Applicable (Not Transported),1
39,Ohio,390916,0,0,2,2,0,3,3,69,HENRY (69),0,NOT APPLICABLE,10,October,14,14,6,Friday,2022,9,9:00am-9:59am,12,12,US-6 GRAND ARMY OF THE REPBLIC,CR-24,2,US Highway,1,Rural,3,Principal Arterial - Other,1,State Highway Agency,1,This section IS ON the NHS,0,No Special Jurisdiction,8,8,41.44213889,41.44213889,-84.32496111,-84.32496111,12,Motor Vehicle In-Transport,6,Angle,0,No,2,Intersection,2,Four-Way Intersection,1,On Roadway,0,None,1,Daylight,1,Clear,0,No,0000000,Not Applicable,9,9:00am-9:59am,14,14,9,9:00am-9:59am,25,25,10,10:00am-10:59am,13,13,1
39,Ohio,390917,0,0,2,2,0,3,3,107,MERCER (107),0,NOT APPLICABLE,9,September,29,29,5,Thursday,2022,13,1:00pm-1:59pm,35,35,SR-49 GRANVILLE RD,TR-20 FOX RD,3,State Highway,1,Rural,5,Major Collector,1,State Highway Agency,0,This section IS NOT on the NHS,0,No Special Jurisdiction,22,22,40.38148056,40.38148056,-84.76583889,-84.76583889,12,Motor Vehicle In-Transport,6,Angle,0,No,2,Intersection,2,Four-Way Intersection,1,On Roadway,0,None,1,Daylight,1,Clear,0,No,0000000,Not Applicable,13,1:00pm-1:59pm,39,39,13,1:00pm-1:59pm,50,50,88,Not Applicable (Not Transported),88,Not Applicable (Not Transported),2
39,Ohio,390918,0,0,1,1,0,1,1,63,HANCOCK (63),2610,FINDLAY,10,October,9,9,1,Sunday,2022,20,8:00pm-8:59pm,54,54,I-75,NA,1,Interstate,2,Urban,1,Interstate,31,State Toll Road,1,This section IS ON the NHS,0,No Special Jurisdiction,154,154,41.02866111,41.02866111,-83.67299444,-83.67299444,43,Other Fixed Object,0,The First Harmful Event was Not a Collision with a Motor Vehicle in Transport,1,Yes,5,Entrance/Exit Ramp Related,1,Not an Intersection,8,Gore,0,None,3,Dark - Lighted,1,Clear,0,No,0000000,Not Applicable,20,8:00pm-8:59pm,59,59,21,9:00pm-9:59pm,2,2,88,Not Applicable (Not Transported),88,Not Applicable (Not Transported),1