STATE,STATENAME,ST_CASE,PEDS,PERNOTMVIT,VE_TOTAL,VE_FORMS,PVH_INVL,PERSONS,PERMVIT,COUNTY,COUNTYNAME,CITY,CITYNAME,MONTH,MONTHNAME,DAY,DAYNAME,DAY_WEEK,DAY_WEEKNAME,YEAR,HOUR,HOURNAME,MINUTE,MINUTENAME,TWAY_ID,TWAY_ID2,ROUTE,ROUTENAME,RUR_URB,RUR_URBNAME,FUNC_SYS,FUNC_SYSNAME,RD_OWNER,RD_OWNERNAME,NHS,NHSNAME,SP_JUR,SP_JURNAME,MILEPT,MILEPTNAME,LATITUDE,LATITUDENAME,LONGITUD,LONGITUDNAME,HARM_EV,HARM_EVNAME,MAN_COLL,MAN_COLLNAME,RELJCT1,RELJCT1NAME,RELJCT2,RELJCT2NAME,TYP_INT,TYP_INTNAME,REL_ROAD,REL_ROADNAME,WRK_ZONE,WRK_ZONENAME,LGT_COND,LGT_CONDNAME,WEATHER,WEATHERNAME,SCH_BUS,SCH_BUSNAME,RAIL,RAILNAME,NOT_HOUR,NOT_HOURNAME,NOT_MIN,NOT_MINNAME,ARR_HOUR,ARR_HOURNAME,ARR_MIN,ARR_MINNAME,HOSP_HR,HOSP_HRNAME,HOSP_MN,HOSP_MNNAME,FATALS
39,Ohio,390919,0,0,2,2,0,2,2,49,FRANKLIN (49),1800,COLUMBUS,10,October,13,13,5,Thursday,2022,21,9:00pm-9:59pm,32,32,BRENTNELL AV,Holt AV,6,Local Street - Municipality,2,Urban,5,Major Collector,4,City or Municipal Highway Agency,0,This section IS NOT on the NHS,0,No Special Jurisdiction,0,None,40.00005,40.00005,-82.94928056,-82.94928056,12,Motor Vehicle In-Transport,6,Angle,0,No,2,Intersection,2,Four-Way Intersection,1,On Roadway,0,None,3,Dark - Lighted,2,Rain,0,No,0000000,Not Applicable,21,9:00pm-9:59pm,33,33,21,9:00pm-9:59pm,39,39,21,9:00pm-9:59pm,55,55,1
39,Ohio,390920,0,0,2,2,0,2,2,133,PORTAGE (133),0,NOT APPLICABLE,10,October,5,5,4,Wednesday,2022,8,8:00am-8:59am,43,43,SR-5,NA,3,State Highway,1,Rural,3,Principal Arterial - Other,1,State Highway Agency,1,This section IS ON the NHS,0,No Special Jurisdiction,110,110,41.1667,41.1667,-81.0856,-81.0856,12,Motor Vehicle In-Transport,1,Front-to-Rear,0,No,1,Non-Junction,1,Not an Intersection,1,On Roadway,0,None,1,Daylight,1,Clear,0,No,0000000,Not Applicable,8,8:00am-8:59am,52,52,8,8:00am-8:59am,59,59,88,Not Applicable (Not Transported),88,Not Applicable (Not Transported),1
39,Ohio,390921,1,1,1,1,0,1,1,35,CUYAHOGA (35),1680,CLEVELAND,9,September,19,19,2,Monday,2022,0,0:00am-0:59am,59,59,I-90,NA,1,Interstate,2,Urban,1,Interstate,1,State Highway Agency,1,This section IS ON the NHS,0,No Special Jurisdiction,247,247,41.56911944,41.56911944,-81.57199444,-81.57199444,8,Pedestrian,0,The First Harmful Event was Not a Collision with a Motor Vehicle in Transport,0,No,1,Non-Junction,1,Not an Intersection,1,On Roadway,0,None,3,Dark - Lighted,1,Clear,0,No,0000000,Not Applicable,1,1:00am-1:59am,3,3,1,1:00am-1:59am,16,16,88,Not Applicable (Not Transported),88,Not Applicable (Not Transported),1
39,Ohio,390922,4,4,4,4,0,4,4,113,MONTGOMERY (113),5275,MORAINE,10,October,3,3,2,Monday,2022,11,11:00am-11:59am,8,8,SR-741 EXIT RAMP,NA,3,State Highway,2,Urban,1,Interstate,1,State Highway Agency,1,This section IS ON the NHS,0,No Special Jurisdiction,0,None,39.72429722,39.72429722,-84.21067222,-84.21067222,12,Motor Vehicle In-Transport,1,Front-to-Rear,1,Yes,20,Entrance/Exit Ramp,1,Not an Intersection,1,On Roadway,0,None,1,Daylight,1,Clear,0,No,0000000,Not Applicable,11,11:00am-11:59am,12,12,11,11:00am-11:59am,19,19,11,11:00am-11:59am,39,39,1
39,Ohio,390923,0,0,1,1,0,1,1,37,DARKE (37),6560,PITSBURG,10,October,11,11,3,Tuesday,2022,23,11:00pm-11:59pm,29,29,CR-82 PITSBURG-LAURA RD,CR-20 JEFFERSON ST,4,County Road,1,Rural,5,Major Collector,2,County Highway Agency,0,This section IS NOT on the NHS,0,No Special Jurisdiction,0,None,39.99106389,39.99106389,-84.48756667,-84.48756667,17,Boulder,0,The First Harmful Event was Not a Collision with a Motor Vehicle in Transport,0,No,3,Intersection-Related,3,T-Intersection,5,Outside Trafficway,0,None,3,Dark - Lighted,1,Clear,0,No,0000000,Not Applicable,23,11:00pm-11:59pm,36,36,23,11:00pm-11:59pm,54,54,0,0:00am-0:59am,21,21,1
39,Ohio,390924,0,0,1,1,0,1,1,103,MEDINA (103),0,NOT APPLICABLE,7,July,8,8,6,Friday,2022,5,5:00am-5:59am,51,51,SR-3 WOOSTER PK,Sharon Copley RD,3,State Highway,2,Urban,4,Minor Arterial,1,State Highway Agency,0,This section IS NOT on the NHS,0,No Special Jurisdiction,90,90,41.10666667,41.10666667,-81.86416111,-81.86416111,33,Curb,0,The First Harmful Event was Not a Collision with a Motor Vehicle in Transport,0,No,3,Intersection-Related,6,Roundabout,4,On Roadside,0,None,4,Dawn,1,Clear,0,No,0000000,Not Applicable,5,5:00am-5:59am,52,52,6,6:00am-6:59am,2,2,88,Not Applicable (Not Transported),88,Not Applicable (Not Transported),1
39,Ohio,390925,1,1,1,1,0,1,1,49,FRANKLIN (49),8940,WHITEHALL,9,September,10,10,7,Saturday,2022,22,10:00pm-10:59pm,27,27,US-40 MAIN ST,NA,2,US Highway,2,Urban,3,Principal Arterial - Other,1,State Highway Agency,0,This section IS NOT on the NHS,0,No Special Jurisdiction,197,197,39.95564722,39.95564722,-82.88416111,-82.88416111,8,Pedestrian,0,The First Harmful Event was Not a Collision with a Motor Vehicle in Transport,0,No,1,Non-Junction,1,Not an Intersection,1,On Roadway,0,None,2,Dark - Not Lighted,1,Clear,0,No,0000000,Not Applicable,22,10:00pm-10:59pm,31,31,22,10:00pm-10:59pm,44,44,88,Not Applicable (Not Transported),88,Not Applicable (Not Transported),1
39,Ohio,390926,1,1,1,1,0,2,2,49,FRANKLIN (49),1800,COLUMBUS,10,October,6,6,5,Thursday,2022,23,11:00pm-11:59pm,29,29,CR-67 BETHEL RD,Dierker RD,4,County Road,2,Urban,3,Principal Arterial - Other,2,County Highway Agency,0,This section IS NOT on the NHS,0,No Special Jurisdiction,0,None,40.06436944,40.06436944,-83.07493056,-83.07493056,8,Pedestrian,0,The First Harmful Event was Not a Collision with a Motor Vehicle in Transport,0,No,2,Intersection,2,Four-Way Intersection,1,On Roadway,0,None,6,Dark - Unknown Lighting,1,Clear,0,No,0000000,Not Applicable,23,11:00pm-11:59pm,31,31,23,11:00pm-11:59pm,34,34,23,11:00pm-11:59pm,49,49,1
39,Ohio,390927,0,0,1,1,0,2,2,53,GALLIA (53),0,NOT APPLICABLE,10,October,10,10,2,Monday,2022,19,7:00pm-7:59pm,50,50,SR-554,NA,3,State Highway,1,Rural,5,Major Collector,1,State Highway Agency,0,This section IS NOT on the NHS,0,No Special Jurisdiction,61,61,38.92380556,38.92380556,-82.28977778,-82.28977778,35,Embankment,0,The First Harmful Event was Not a Collision with a Motor Vehicle in Transport,0,No,1,Non-Junction,1,Not an Intersection,4,On Roadside,0,None,2,Dark - Not Lighted,1,Clear,0,No,0000000,Not Applicable,19,7:00pm-7:59pm,58,58,20,8:00pm-8:59pm,4,4,20,8:00pm-8:59pm,35,35,1
39,Ohio,390928,0,0,1,1,0,4,4,29,COLUMBIANA (29),0,NOT APPLICABLE,10,October,9,9,1,Sunday,2022,20,8:00pm-8:59pm,55,55,CR-400 GEORGETOWN RD,NA,4,County Road,1,Rural,5,Major Collector,2,County Highway Agency,0,This section IS NOT on the NHS,0,No Special Jurisdiction,0,None,40.83932222,40.83932222,-81.02052778,-81.02052778,35,Embankment,0,The First Harmful Event was Not a Collision with a Motor Vehicle in Transport,0,No,1,Non-Junction,1,Not an Intersection,4,On Roadside,0,None,2,Dark - Not Lighted,1,Clear,0,No,0000000,Not Applicable,20,8:00pm-8:59pm,57,57,21,9:00pm-9:59pm,7,7,21,9:00pm-9:59pm,25,25,1
39,Ohio,390929,0,0,1,1,0,1,1,15,BROWN (15),0,NOT APPLICABLE,10,October,9,9,1,Sunday,2022,18,6:00pm-6:59pm,20,20,SR-774,NA,3,State Highway,1,Rural,5,Major Collector,1,State Highway Agency,0,This section IS NOT on the NHS,0,No Special Jurisdiction,44,44,38.93773333,38.93773333,-83.9788,-83.9788,1,Rollover/Overturn,0,The First Harmful Event was Not a Collision with a Motor Vehicle in Transport,0,No,1,Non-Junction,1,Not an Intersection,1,On Roadway,0,None,1,Daylight,1,Clear,0,No,0000000,Not Applicable,18,6:00pm-6:59pm,24,24,18,6:00pm-6:59pm,39,39,99,Unknown,99,Unknown EMS Hospital Arrival Time,1
39,Ohio,390930,0,0,1,1,0,1,1,99,MAHONING (99),0,NOT APPLICABLE,10,October,9,9,1,Sunday,2022,18,6:00pm-6:59pm,37,37,SR-170 YOUNGSTWN PITTSBURGH RD,NA,3,State Highway,2,Urban,4,Minor Arterial,1,State Highway Agency,0,This section IS NOT on the NHS,0,No Special Jurisdiction,63,63,40.98136667,40.98136667,-80.57428889,-80.57428889,34,Ditch,0,The First Harmful Event was Not a Collision with a Motor Vehicle in Transport,0,No,1,Non-Junction,1,Not an Intersection,4,On Roadside,0,None,1,Daylight,1,Clear,0,No,0000000,Not Applicable,18,6:00pm-6:59pm,32,32,18,6:00pm-6:59pm,42,42,88,Not Applicable (Not Transported),88,Not Applicable (Not Transported),1
39,Ohio,390931,0,0,2,2,0,2,2,161,VAN WERT (161),0,NOT APPLICABLE,10,October,11,11,3,Tuesday,2022,16,4:00pm-4:59pm,13,13,US-224,NA,2,US Highway,1,Rural,4,Minor Arterial,1,State Highway Agency,0,This section IS NOT on the NHS,0,No Special Jurisdiction,74,74,40.85134722,40.85134722,-84.66200833,-84.66200833,12,Motor Vehicle In-Transport,2,Front-to-Front,0,No,1,Non-Junction,1,Not an Intersection,1,On Roadway,0,None,1,Daylight,10,Cloudy,0,No,0000000,Not Applicable,16,4:00pm-4:59pm,14,14,16,4:00pm-4:59pm,28,28,16,4:00pm-4:59pm,55,55,1
39,Ohio,390932,0,0,2,2,0,3,3,129,PICKAWAY (129),0,NOT APPLICABLE,10,October,11,11,3,Tuesday,2022,17,5:00pm-5:59pm,48,48,TR-20 DUVALL RD,TR-31 LOCKBOURNE EASTERN  RD,5,Local Street - Township,2,Urban,7,Local,3,Town or Township Highway Agency,0,This section IS NOT on the NHS,0,No Special Jurisdiction,0,None,39.77131944,39.77131944,-82.93996111,-82.93996111,12,Motor Vehicle In-Transport,6,Angle,0,No,2,Intersection,2,Four-Way Intersection,1,On Roadway,0,None,1,Daylight,1,Clear,0,No,0000000,Not Applicable,17,5:00pm-5:59pm,50,50,17,5:00pm-5:59pm,54,54,18,6:00pm-6:59pm,35,35,1
39,Ohio,390933,0,0,2,2,0,2,2,5,ASHLAND (5),0,NOT APPLICABLE,10,October,12,12,4,Wednesday,2022,14,2:00pm-2:59pm,45,45,US-30,NA,2,US Highway,1,Rural,3,Principal Arterial - Other,1,State Highway Agency,1,This section IS ON the NHS,0,No Special Jurisdiction,90,90,40.784825,40.784825,-82.20824722,-82.20824722,12,Motor Vehicle In-Transport,6,Angle,0,No,7,Crossover-Related,1,Not an Intersection,1,On Roadway,0,None,1,Daylight,10,Cloudy,0,No,0000000,Not Applicable,15,3:00pm-3:59pm,2,2,15,3:00pm-3:59pm,23,23,88,Not Applicable (Not Transported),88,Not Applicable (Not Transported),1
39,Ohio,390934,0,0,2,2,0,4,4,107,MERCER (107),1430,CELINA,10,October,6,6,5,Thursday,2022,14,2:00pm-2:59pm,30,30,US-127 MAIN ST,NA,2,US Highway,2,Urban,3,Principal Arterial - Other,1,State Highway Agency,0,This section IS NOT on the NHS,0,No Special Jurisdiction,135,135,40.54723889,40.54723889,-84.57075556,-84.57075556,12,Motor Vehicle In-Transport,6,Angle,0,No,1,Non-Junction,1,Not an Intersection,1,On Roadway,0,None,1,Daylight,1,Clear,0,No,0000000,Not Applicable,14,2:00pm-2:59pm,34,34,14,2:00pm-2:59pm,36,36,15,3:00pm-3:59pm,0,0,1
39,Ohio,390935,0,0,1,1,0,1,1,123,OTTAWA (123),0,NOT APPLICABLE,10,October,14,14,6,Friday,2022,1,1:00am-1:59am,9,9,TR-1043 CEDAR AVE,NA,5,Local Street - Township,2,Urban,7,Local,3,Town or Township Highway Agency,0,This section IS NOT on the NHS,0,No Special Jurisdiction,0,None,41.615,41.615,-83.37165556,-83.37165556,53,Mail Box,0,The First Harmful Event was Not a Collision with a Motor Vehicle in Transport,0,No,1,Non-Junction,1,Not an Intersection,4,On Roadside,0,None,2,Dark - Not Lighted,1,Clear,0,No,0000000,Not Applicable,1,1:00am-1:59am,21,21,1,1:00am-1:59am,24,24,88,Not Applicable (Not Transported),88,Not Applicable (Not Transported),1
39,Ohio,390936,0,0,2,2,0,4,4,49,FRANKLIN (49),1800,COLUMBUS,10,October,15,15,7,Saturday,2022,1,1:00am-1:59am,30,30,CR-17 MORSE RD,CR-8 SUNBURY RD,4,County Road,2,Urban,3,Principal Arterial - Other,2,County Highway Agency,0,This section IS NOT on the NHS,0,No Special Jurisdiction,0,None,40.0582,40.0582,-82.92263889,-82.92263889,12,Motor Vehicle In-Transport,6,Angle,0,No,2,Intersection,2,Four-Way Intersection,1,On Roadway,0,None,3,Dark - Lighted,1,Clear,0,No,0000000,Not Applicable,1,1:00am-1:59am,38,38,1,1:00am-1:59am,45,45,2,2:00am-2:59am,5,5,1
39,Ohio,390937,0,0,3,3,0,3,3,113,MONTGOMERY (113),6990,RIVERSIDE,10,October,16,16,1,Sunday,2022,22,10:00pm-10:59pm,26,26,SR-4,NA,3,State Highway,2,Urban,2,Principal Arterial - Other Freeways and Expressways,1,State Highway Agency,1,This section IS ON the NHS,0,No Special Jurisdiction,209,209,39.79113889,39.79113889,-84.13269722,-84.13269722,12,Motor Vehicle In-Transport,2,Front-to-Front,0,No,1,Non-Junction,1,Not an Intersection,1,On Roadway,0,None,2,Dark - Not Lighted,10,Cloudy,0,No,0000000,Not Applicable,22,10:00pm-10:59pm,29,29,22,10:00pm-10:59pm,35,35,22,10:00pm-10:59pm,55,55,1
39,Ohio,390938,0,0,2,2,0,3,3,51,FULTON (51),0,NOT APPLICABLE,10,October,13,13,5,Thursday,2022,18,6:00pm-6:59pm,58,58,CR-10,CR-E,4,County Road,1,Rural,7,Local,2,County Highway Agency,0,This section IS NOT on the NHS,0,No Special Jurisdiction,0,None,41.54413056,41.54413056,-84.05700833,-84.05700833,12,Motor Vehicle In-Transport,6,Angle,0,No,2,Intersection,2,Four-Way Intersection,1,On Roadway,0,None,1,Daylight,10,Cloudy,0,No,0000000,Not Applicable,18,6:00pm-6:59pm,53,53,19,7:00pm-7:59pm,1,1,19,7:00pm-7:59pm,38,38,1
39,Ohio,390939,1,1,1,1,0,1,1,169,WAYNE (169),0,NOT APPLICABLE,10,October,16,16,1,Sunday,2022,5,5:00am-5:59am,56,56,SR-3 COLUMBUS RD,NA,3,State Highway,2,Urban,3,Principal Arterial - Other,1,State Highway Agency,0,This section IS NOT on the NHS,0,No Special Jurisdiction,113,113,40.78590833,40.78590833,-81.96165,-81.96165,8,Pedestrian,0,The First Harmful Event was Not a Collision with a Motor Vehicle in Transport,0,No,1,Non-Junction,1,Not an Intersection,1,On Roadway,0,None,2,Dark - Not Lighted,10,Cloudy,0,No,0000000,Not Applicable,5,5:00am-5:59am,56,56,6,6:00am-6:59am,4,4,88,Not Applicable (Not Transported),88,Not Applicable (Not Transported),1
39,Ohio,390940,0,0,2,2,0,2,2,149,SHELBY (149),0,NOT APPLICABLE,10,October,8,8,7,Saturday,2022,9,9:00am-9:59am,33,33,SR-66,NA,3,State Highway,1,Rural,5,Major Collector,1,State Highway Agency,0,This section IS NOT on the NHS,0,No Special Jurisdiction,26,26,40.22738889,40.22738889,-84.31916389,-84.31916389,12,Motor Vehicle In-Transport,2,Front-to-Front,0,No,1,Non-Junction,1,Not an Intersection,1,On Roadway,0,None,1,Daylight,1,Clear,0,No,0000000,Not Applicable,9,9:00am-9:59am,28,28,9,9:00am-9:59am,33,33,11,11:00am-11:59am,25,25,1
39,Ohio,390941,0,0,1,1,0,2,2,101,MARION (101),4740,MARION,9,September,28,28,4,Wednesday,2022,0,0:00am-0:59am,21,21,SR-95 DAVIDS ST,COLUMBIA ST,3,State Highway,2,Urban,4,Minor Arterial,1,State Highway Agency,0,This section IS NOT on the NHS,0,No Special Jurisdiction,142,142,40.58452222,40.58452222,-83.14343889,-83.14343889,59,Traffic Sign Support,0,The First Harmful Event was Not a Collision with a Motor Vehicle in Transport,0,No,3,Intersection-Related,3,T-Intersection,4,On Roadside,0,None,3,Dark - Lighted,1,Clear,0,No,0000000,Not Applicable,0,0:00am-0:59am,24,24,0,0:00am-0:59am,26,26,0,0:00am-0:59am,42,42,1
39,Ohio,390942,0,0,1,1,0,2,2,153,SUMMIT (153),0,NOT APPLICABLE,10,October,5,5,4,Wednesday,2022,0,0:00am-0:59am,1,1,CR-47 EVERETT RD,NA,4,County Road,1,Rural,7,Local,2,County Highway Agency,0,This section IS NOT on the NHS,0,No Special Jurisdiction,0,None,41.205,41.205,-81.58309722,-81.58309722,1,Rollover/Overturn,0,The First Harmful Event was Not a Collision with a Motor Vehicle in Transport,0,No,1,Non-Junction,1,Not an Intersection,1,On Roadway,0,None,3,Dark - Lighted,1,Clear,0,No,0000000,Not Applicable,0,0:00am-0:59am,1,1,0,0:00am-0:59am,17,17,0,0:00am-0:59am,54,54,1
39,Ohio,390943,0,0,1,1,0,1,1,39,DEFIANCE (39),2130,DEFIANCE,10,October,21,21,6,Friday,2022,23,11:00pm-11:59pm,30,30,GROVE ST,NA,6,Local Street - Municipality,2,Urban,7,Local,4,City or Municipal Highway Agency,0,This section IS NOT on the NHS,0,No Special Jurisdiction,0,None,41.27405556,41.27405556,-84.37273611,-84.37273611,42,Tree (Standing Only),0,The First Harmful Event was Not a Collision with a Motor Vehicle in Transport,0,No,1,Non-Junction,1,Not an Intersection,4,On Roadside,0,None,2,Dark - Not Lighted,1,Clear,0,No,0000000,Not Applicable,23,11:00pm-11:59pm,30,30,23,11:00pm-11:59pm,35,35,0,0:00am-0:59am,10,10,1
39,Ohio,390944,0,0,2,2,0,2,2,65,HARDIN (65),0,NOT APPLICABLE,10,October,19,19,4,Wednesday,2022,13,1:00pm-1:59pm,50,50,SR-235,NA,3,State Highway,2,Urban,5,Major Collector,1,State Highway Agency,0,This section IS NOT on the NHS,0,No Special Jurisdiction,172,172,40.75141111,40.75141111,-83.82324722,-83.82324722,12,Motor Vehicle In-Transport,6,Angle,0,No,8,Driveway Access Related,1,Not an Intersection,1,On Roadway,0,None,1,Daylight,1,Clear,0,No,0000000,Not Applicable,13,1:00pm-1:59pm,55,55,14,2:00pm-2:59pm,0,0,14,2:00pm-2:59pm,45,45,1
39,Ohio,390945,0,0,3,3,0,4,4,153,SUMMIT (153),3139,GREEN,9,September,29,29,5,Thursday,2022,14,2:00pm-2:59pm,50,50,CR-246 RABER RD,NA,4,County Road,2,Urban,5,Major Collector,2,County Highway Agency,0,This section IS NOT on the NHS,0,No Special Jurisdiction,0,None,40.96612778,40.96612778,-81.45915278,-81.45915278,12,Motor Vehicle In-Transport,2,Front-to-Front,0,No,1,Non-Junction,1,Not an Intersection,1,On Roadway,0,None,1,Daylight,1,Clear,0,No,0000000,Not Applicable,14,2:00pm-2:59pm,51,51,15,3:00pm-3:59pm,4,4,15,3:00pm-3:59pm,15,15,2
39,Ohio,390946,0,0,1,1,0,1,1,101,MARION (101),6770,PROSPECT,10,October,15,15,7,Saturday,2022,19,7:00pm-7:59pm,53,53,SR-203 MAIN ST,WALNUT ST,3,State Highway,1,Rural,5,Major Collector,1,State Highway Agency,0,This section IS NOT on the NHS,0,No Special Jurisdiction,7,7,40.44931944,40.44931944,-83.18907222,-83.18907222,42,Tree (Standing Only),0,The First Harmful Event was Not a Collision with a Motor Vehicle in Transport,0,No,3,Intersection-Related,2,Four-Way Intersection,4,On Roadside,0,None,2,Dark - Not Lighted,1,Clear,0,No,0000000,Not Applicable,21,9:00pm-9:59pm,3,3,21,9:00pm-9:59pm,9,9,88,Not Applicable (Not Transported),88,Not Applicable (Not Transported),1
39,Ohio,390947,0,0,2,2,0,3,3,151,STARK (151),1320,CANTON,10,October,23,23,1,Sunday,2022,0,0:00am-0:59am,44,44,PLAIN AVE NE,15TH ST NE,6,Local Street - Municipality,2,Urban,7,Local,4,City or Municipal Highway Agency,0,This section IS NOT on the NHS,0,No Special Jurisdiction,0,None,40.81315278,40.81315278,-81.36406389,-81.36406389,12,Motor Vehicle In-Transport,6,Angle,0,No,2,Intersection,2,Four-Way Intersection,1,On Roadway,0,None,3,Dark - Lighted,1,Clear,0,No,0000000,Not Applicable,0,0:00am-0:59am,45,45,0,0:00am-0:59am,50,50,0,0:00am-0:59am,58,58,1
39,Ohio,390948,0,0,2,2,0,2,2,65,HARDIN (65),3890,KENTON,9,September,8,8,5,Thursday,2022,15,3:00pm-3:59pm,51,51,US-68 DETROIT ST,NA,2,US Highway,2,Urban,4,Minor Arterial,1,State Highway Agency,0,This section IS NOT on the NHS,0,No Special Jurisdiction,98,98,40.64958889,40.64958889,-83.60911944,-83.60911944,12,Motor Vehicle In-Transport,2,Front-to-Front,0,No,1,Non-Junction,1,Not an Intersection,1,On Roadway,0,None,1,Daylight,1,Clear,0,No,0000000,Not Applicable,15,3:00pm-3:59pm,51,51,15,3:00pm-3:59pm,55,55,16,4:00pm-4:59pm,54,54,1
39,Ohio,390949,0,0,2,2,0,2,2,113,MONTGOMERY (113),0,NOT APPLICABLE,10,October,21,21,6,Friday,2022,12,12:00pm-12:59pm,5,5,CR-159 PETERS PIKE,CR-228 LITTLE YORK RD,4,County Road,2,Urban,5,Major Collector,2,County Highway Agency,0,This section IS NOT on the NHS,0,No Special Jurisdiction,0,None,39.85621111,39.85621111,-84.22645556,-84.22645556,12,Motor Vehicle In-Transport,6,Angle,0,No,2,Intersection,2,Four-Way Intersection,1,On Roadway,0,None,1,Daylight,1,Clear,0,No,0000000,Not Applicable,12,12:00pm-12:59pm,5,5,12,12:00pm-12:59pm,9,9,12,12:00pm-12:59pm,33,33,1
39,Ohio,390950,0,0,1,1,0,1,1,155,TRUMBULL (155),0,NOT APPLICABLE,10,October,17,17,2,Monday,2022,2,2:00am-2:59am,53,53,CR-142 NORTH RIVER RD,NA,4,County Road,2,Urban,5,Major Collector,2,County Highway Agency,0,This section IS NOT on the NHS,0,No Special Jurisdiction,0,None,41.26580833,41.26580833,-80.82295556,-80.82295556,34,Ditch,0,The First Harmful Event was Not a Collision with a Motor Vehicle in Transport,0,No,1,Non-Junction,1,Not an Intersection,4,On Roadside,0,None,2,Dark - Not Lighted,10,Cloudy,0,No,0000000,Not Applicable,2,2:00am-2:59am,51,51,3,3:00am-3:59am,2,2,88,Not Applicable (Not Transported),88,Not Applicable (Not Transported),1
39,Ohio,390951,0,0,1,1,0,1,1,155,TRUMBULL (155),0,NOT APPLICABLE,10,October,19,19,4,Wednesday,2022,6,6:00am-6:59am,0,0,SR-5,NA,3,State Highway,1,Rural,4,Minor Arterial,1,State Highway Agency,0,This section IS NOT on the NHS,0,No Special Jurisdiction,267,267,41.39498889,41.39498889,-80.62792222,-80.62792222,34,Ditch,0,The First Harmful Event was Not a Collision with a Motor Vehicle in Transport,0,No,1,Non-Junction,1,Not an Intersection,4,On Roadside,0,None,2,Dark - Not Lighted,12,Freezing Rain or Drizzle,0,No,0000000,Not Applicable,6,6:00am-6:59am,2,2,6,6:00am-6:59am,8,8,6,6:00am-6:59am,50,50,1
39,Ohio,390952,0,0,1,1,0,1,1,87,LAWRENCE (87),0,NOT APPLICABLE,10,October,23,23,1,Sunday,2022,16,4:00pm-4:59pm,30,30,CR-31,NA,4,County Road,1,Rural,5,Major Collector,2,County Highway Agency,0,This section IS NOT on the NHS,0,No Special Jurisdiction,0,None,38.45437778,38.45437778,-82.47572222,-82.47572222,1,Rollover/Overturn,0,The First Harmful Event was Not a Collision with a Motor Vehicle in Transport,0,No,1,Non-Junction,1,Not an Intersection,4,On Roadside,0,None,1,Daylight,1,Clear,0,No,0000000,Not Applicable,16,4:00pm-4:59pm,32,32,16,4:00pm-4:59pm,39,39,88,Not Applicable (Not Transported),88,Not Applicable (Not Transported),1
39,Ohio,390953,0,0,2,2,0,3,3,85,LAKE (85),9020,WILLOWICK,7,July,12,12,3,Tuesday,2022,11,11:00am-11:59am,44,44,329 ST,NA,6,Local Street - Municipality,2,Urban,7,Local,4,City or Municipal Highway Agency,0,This section IS NOT on the NHS,0,No Special Jurisdiction,0,None,41.65079167,41.65079167,-81.46220278,-81.46220278,12,Motor Vehicle In-Transport,1,Front-to-Rear,0,No,8,Driveway Access Related,1,Not an Intersection,1,On Roadway,0,None,1,Daylight,1,Clear,0,No,0000000,Not Applicable,11,11:00am-11:59am,45,45,11,11:00am-11:59am,48,48,12,12:00pm-12:59pm,6,6,1
39,Ohio,390954,0,0,2,2,0,2,2,49,FRANKLIN (49),1800,COLUMBUS,10,October,28,28,6,Friday,2022,1,1:00am-1:59am,40,40,I-70 DWIGHT D EISENHOWER FWY,NA,1,Interstate,2,Urban,1,Interstate,1,State Highway Agency,1,This section IS ON the NHS,0,No Special Jurisdiction,118,118,39.94877778,39.94877778,-83.03766944,-83.03766944,12,Motor Vehicle In-Transport,2,Front-to-Front,1,Yes,18,Through Roadway,1,Not an Intersection,1,On Roadway,0,None,2,Dark - Not Lighted,10,Cloudy,0,No,0000000,Not Applicable,1,1:00am-1:59am,43,43,1,1:00am-1:59am,48,48,2,2:00am-2:59am,15,15,1
39,Ohio,390955,0,0,2,2,0,2,2,27,CLINTON (27),0,NOT APPLICABLE,10,October,16,16,1,Sunday,2022,14,2:00pm-2:59pm,31,31,SR-380,NA,3,State Highway,1,Rural,5,Major Collector,1,State Highway Agency,0,This section IS NOT on the NHS,0,No Special Jurisdiction,89,89,39.55815,39.55815,-83.96385833,-83.96385833,12,Motor Vehicle In-Transport,2,Front-to-Front,0,No,1,Non-Junction,1,Not an Intersection,1,On Roadway,0,None,1,Daylight,1,Clear,0,No,0000000,Not Applicable,14,2:00pm-2:59pm,31,31,14,2:00pm-2:59pm,39,39,15,3:00pm-3:59pm,27,27,1
39,Ohio,390956,0,0,1,1,0,1,1,131,PIKE (131),0,NOT APPLICABLE,10,October,14,14,6,Friday,2022,8,8:00am-8:59am,50,50,SR-124,NA,3,State Highway,1,Rural,5,Major Collector,1,State Highway Agency,0,This section IS NOT on the NHS,0,No Special Jurisdiction,3,3,39.07425556,39.07425556,-83.37216944,-83.37216944,59,Traffic Sign Support,0,The First Harmful Event was Not a Collision with a Motor Vehicle in Transport,0,No,1,Non-Junction,1,Not an Intersection,4,On Roadside,0,None,1,Daylight,1,Clear,0,No,0000000,Not Applicable,8,8:00am-8:59am,54,54,9,9:00am-9:59am,27,27,10,10:00am-10:59am,50,50,1
39,Ohio,390957,0,0,2,2,0,3,3,1,ADAMS (1),0,NOT APPLICABLE,10,October,14,14,6,Friday,2022,17,5:00pm-5:59pm,42,42,CR-198 PORTSMOUTH RD,NA,4,County Road,1,Rural,5,Major Collector,2,County Highway Agency,0,This section IS NOT on the NHS,0,No Special Jurisdiction,0,None,38.958625,38.958625,-83.35686389,-83.35686389,12,Motor Vehicle In-Transport,6,Angle,0,No,1,Non-Junction,1,Not an Intersection,1,On Roadway,0,None,1,Daylight,1,Clear,0,No,0000000,Not Applicable,17,5:00pm-5:59pm,42,42,18,6:00pm-6:59pm,9,9,19,7:00pm-7:59pm,2,2,1