STATE,STATENAME,ST_CASE,PEDS,PERNOTMVIT,VE_TOTAL,VE_FORMS,PVH_INVL,PERSONS,PERMVIT,COUNTY,COUNTYNAME,CITY,CITYNAME,MONTH,MONTHNAME,DAY,DAYNAME,DAY_WEEK,DAY_WEEKNAME,YEAR,HOUR,HOURNAME,MINUTE,MINUTENAME,TWAY_ID,TWAY_ID2,ROUTE,ROUTENAME,RUR_URB,RUR_URBNAME,FUNC_SYS,FUNC_SYSNAME,RD_OWNER,RD_OWNERNAME,NHS,NHSNAME,SP_JUR,SP_JURNAME,MILEPT,MILEPTNAME,LATITUDE,LATITUDENAME,LONGITUD,LONGITUDNAME,HARM_EV,HARM_EVNAME,MAN_COLL,MAN_COLLNAME,RELJCT1,RELJCT1NAME,RELJCT2,RELJCT2NAME,TYP_INT,TYP_INTNAME,REL_ROAD,REL_ROADNAME,WRK_ZONE,WRK_ZONENAME,LGT_COND,LGT_CONDNAME,WEATHER,WEATHERNAME,SCH_BUS,SCH_BUSNAME,RAIL,RAILNAME,NOT_HOUR,NOT_HOURNAME,NOT_MIN,NOT_MINNAME,ARR_HOUR,ARR_HOURNAME,ARR_MIN,ARR_MINNAME,HOSP_HR,HOSP_HRNAME,HOSP_MN,HOSP_MNNAME,FATALS
39,Ohio,391111,0,0,2,2,0,2,2,41,DELAWARE (41),0,NOT APPLICABLE,12,December,6,6,3,Tuesday,2022,8,8:00am-8:59am,22,22,US-23 HIGH ST,NA,2,US Highway,2,Urban,3,Principal Arterial - Other,1,State Highway Agency,1,This section IS ON the NHS,0,No Special Jurisdiction,1,1,40.13873611,40.13873611,-83.01726944,-83.01726944,12,Motor Vehicle In-Transport,6,Angle,0,No,1,Non-Junction,1,Not an Intersection,1,On Roadway,0,None,1,Daylight,5,"Fog, Smog, Smoke",0,No,0000000,Not Applicable,8,8:00am-8:59am,25,25,8,8:00am-8:59am,32,32,8,8:00am-8:59am,52,52,1
39,Ohio,391112,0,0,3,3,0,4,4,39,DEFIANCE (39),0,NOT APPLICABLE,10,October,21,21,6,Friday,2022,10,10:00am-10:59am,20,20,SR-15,NA,3,State Highway,1,Rural,5,Major Collector,1,State Highway Agency,0,This section IS NOT on the NHS,0,No Special Jurisdiction,49,49,41.37259722,41.37259722,-84.500925,-84.500925,12,Motor Vehicle In-Transport,2,Front-to-Front,0,No,1,Non-Junction,1,Not an Intersection,1,On Roadway,0,None,1,Daylight,1,Clear,0,No,0000000,Not Applicable,10,10:00am-10:59am,33,33,10,10:00am-10:59am,54,54,11,11:00am-11:59am,42,42,1
39,Ohio,391113,0,0,1,1,0,1,1,155,TRUMBULL (155),0,NOT APPLICABLE,12,December,11,11,1,Sunday,2022,1,1:00am-1:59am,35,35,SR-46 NILES CORTLAND RD,NA,3,State Highway,1,Rural,5,Major Collector,1,State Highway Agency,0,This section IS NOT on the NHS,0,No Special Jurisdiction,154,154,41.347555560000004,41.347555560000004,-80.73173333,-80.73173333,34,Ditch,0,The First Harmful Event was Not a Collision with a Motor Vehicle in Transport,0,No,1,Non-Junction,1,Not an Intersection,4,On Roadside,0,None,2,Dark - Not Lighted,2,Rain,0,No,0000000,Not Applicable,99,Unknown,99,Unknown,99,Unknown EMS Scene Arrival Hour,99,Unknown EMS Scene Arrival Minutes,99,Unknown,99,Unknown EMS Hospital Arrival Time,1
39,Ohio,391115,0,0,3,2,1,5,5,173,WOOD (173),0,NOT APPLICABLE,12,December,3,3,7,Saturday,2022,22,10:00pm-10:59pm,11,11,I-75,NA,1,Interstate,1,Rural,1,Interstate,1,State Highway Agency,1,This section IS ON the NHS,0,No Special Jurisdiction,39,39,41.23301389,41.23301389,-83.65434167,-83.65434167,14,Parked Motor Vehicle,0,The First Harmful Event was Not a Collision with a Motor Vehicle in Transport,0,No,1,Non-Junction,1,Not an Intersection,1,On Roadway,0,None,2,Dark - Not Lighted,1,Clear,0,No,0000000,Not Applicable,22,10:00pm-10:59pm,24,24,22,10:00pm-10:59pm,37,37,23,11:00pm-11:59pm,23,23,1
39,Ohio,391116,1,1,1,1,0,1,1,153,SUMMIT (153),70,AKRON,12,December,5,5,2,Monday,2022,7,7:00am-7:59am,39,39,CR-627 EXCHANGE ST,NA,4,County Road,2,Urban,4,Minor Arterial,2,County Highway Agency,0,This section IS NOT on the NHS,0,No Special Jurisdiction,0,None,41.0728,41.0728,-81.51262778,-81.51262778,8,Pedestrian,0,The First Harmful Event was Not a Collision with a Motor Vehicle in Transport,0,No,1,Non-Junction,1,Not an Intersection,1,On Roadway,0,None,1,Daylight,10,Cloudy,0,No,0000000,Not Applicable,7,7:00am-7:59am,40,40,7,7:00am-7:59am,45,45,7,7:00am-7:59am,58,58,1
39,Ohio,391117,0,0,1,1,0,1,1,89,LICKING (89),0,NOT APPLICABLE,5,May,8,8,1,Sunday,2022,17,5:00pm-5:59pm,1,1,CR-33 DUNCAN PLAINS RD,NA,4,County Road,1,Rural,6,Minor Collector,2,County Highway Agency,0,This section IS NOT on the NHS,0,No Special Jurisdiction,0,None,40.151925,40.151925,-82.74946667,-82.74946667,23,Bridge Rail (Includes parapet),0,The First Harmful Event was Not a Collision with a Motor Vehicle in Transport,0,No,1,Non-Junction,1,Not an Intersection,4,On Roadside,0,None,1,Daylight,1,Clear,0,No,0000000,Not Applicable,17,5:00pm-5:59pm,11,11,17,5:00pm-5:59pm,27,27,18,6:00pm-6:59pm,25,25,1
39,Ohio,391118,0,0,2,2,0,3,3,139,RICHLAND (139),4680,MANSFIELD,11,November,17,17,5,Thursday,2022,17,5:00pm-5:59pm,48,48,SR-13 MAIN ST,NA,3,State Highway,2,Urban,3,Principal Arterial - Other,1,State Highway Agency,0,This section IS NOT on the NHS,0,No Special Jurisdiction,188,188,40.80186111,40.80186111,-82.505875,-82.505875,12,Motor Vehicle In-Transport,2,Front-to-Front,0,No,1,Non-Junction,1,Not an Intersection,1,On Roadway,0,None,2,Dark - Not Lighted,10,Cloudy,0,No,0000000,Not Applicable,17,5:00pm-5:59pm,56,56,17,5:00pm-5:59pm,58,58,88,Not Applicable (Not Transported),88,Not Applicable (Not Transported),1
39,Ohio,391119,0,0,2,2,0,4,4,27,CLINTON (27),0,NOT APPLICABLE,12,December,6,6,3,Tuesday,2022,17,5:00pm-5:59pm,57,57,SR-73,NA,3,State Highway,1,Rural,4,Minor Arterial,1,State Highway Agency,0,This section IS NOT on the NHS,0,No Special Jurisdiction,44,44,39.48153056,39.48153056,-83.90364444,-83.90364444,12,Motor Vehicle In-Transport,6,Angle,0,No,1,Non-Junction,1,Not an Intersection,1,On Roadway,0,None,2,Dark - Not Lighted,2,Rain,0,No,0000000,Not Applicable,17,5:00pm-5:59pm,57,57,18,6:00pm-6:59pm,14,14,19,7:00pm-7:59pm,0,0,2
39,Ohio,391120,0,0,2,2,0,4,4,49,FRANKLIN (49),1800,COLUMBUS,12,December,15,15,5,Thursday,2022,11,11:00am-11:59am,28,28,JAMES RD,ASTOR AVE,6,Local Street - Municipality,2,Urban,4,Minor Arterial,4,City or Municipal Highway Agency,0,This section IS NOT on the NHS,0,No Special Jurisdiction,0,None,39.95118056,39.95118056,-82.9153,-82.9153,12,Motor Vehicle In-Transport,6,Angle,0,No,2,Intersection,3,T-Intersection,1,On Roadway,0,None,1,Daylight,2,Rain,0,No,0000000,Not Applicable,11,11:00am-11:59am,30,30,11,11:00am-11:59am,32,32,11,11:00am-11:59am,43,43,1
39,Ohio,391121,0,0,2,2,0,3,3,31,COSHOCTON (31),0,NOT APPLICABLE,12,December,16,16,6,Friday,2022,6,6:00am-6:59am,8,8,SR-16,CR-6,3,State Highway,1,Rural,3,Principal Arterial - Other,1,State Highway Agency,1,This section IS ON the NHS,0,No Special Jurisdiction,78,78,40.247925,40.247925,-81.87331111,-81.87331111,12,Motor Vehicle In-Transport,6,Angle,0,No,2,Intersection,3,T-Intersection,1,On Roadway,0,None,2,Dark - Not Lighted,2,Rain,0,No,0000000,Not Applicable,6,6:00am-6:59am,12,12,6,6:00am-6:59am,20,20,6,6:00am-6:59am,53,53,1
39,Ohio,391122,1,1,1,1,0,2,2,49,FRANKLIN (49),1800,COLUMBUS,12,December,18,18,1,Sunday,2022,18,6:00pm-6:59pm,26,26,LIVINGSTON AVE,NA,6,Local Street - Municipality,2,Urban,4,Minor Arterial,4,City or Municipal Highway Agency,0,This section IS NOT on the NHS,0,No Special Jurisdiction,0,None,39.9432,39.9432,-82.84405833,-82.84405833,8,Pedestrian,0,The First Harmful Event was Not a Collision with a Motor Vehicle in Transport,0,No,1,Non-Junction,1,Not an Intersection,1,On Roadway,0,None,2,Dark - Not Lighted,1,Clear,0,No,0000000,Not Applicable,18,6:00pm-6:59pm,27,27,18,6:00pm-6:59pm,31,31,18,6:00pm-6:59pm,42,42,1
39,Ohio,391123,0,0,2,2,0,2,2,113,MONTGOMERY (113),0,NOT APPLICABLE,12,December,18,18,1,Sunday,2022,12,12:00pm-12:59pm,4,4,CR-249 SALEM  AV,TR-1129 PITTSBURG  AV,4,County Road,2,Urban,4,Minor Arterial,2,County Highway Agency,0,This section IS NOT on the NHS,0,No Special Jurisdiction,0,None,39.80080278,39.80080278,-84.25365556,-84.25365556,12,Motor Vehicle In-Transport,6,Angle,0,No,2,Intersection,3,T-Intersection,1,On Roadway,0,None,1,Daylight,1,Clear,0,No,0000000,Not Applicable,12,12:00pm-12:59pm,4,4,12,12:00pm-12:59pm,10,10,12,12:00pm-12:59pm,32,32,1
39,Ohio,391124,0,0,2,2,0,3,3,151,STARK (151),4820,MASSILLON,9,September,10,10,7,Saturday,2022,18,6:00pm-6:59pm,29,29,US-62 ERIE ST,NA,2,US Highway,2,Urban,3,Principal Arterial - Other,1,State Highway Agency,1,This section IS ON the NHS,0,No Special Jurisdiction,108,108,40.74962778,40.74962778,-81.51691667,-81.51691667,12,Motor Vehicle In-Transport,6,Angle,0,No,1,Non-Junction,1,Not an Intersection,1,On Roadway,0,None,1,Daylight,10,Cloudy,0,No,0000000,Not Applicable,18,6:00pm-6:59pm,34,34,18,6:00pm-6:59pm,40,40,19,7:00pm-7:59pm,15,15,1
39,Ohio,391125,0,0,1,1,0,2,2,35,CUYAHOGA (35),1680,CLEVELAND,11,November,1,1,3,Tuesday,2022,12,12:00pm-12:59pm,0,0,CR-362 152ND ST,NA,4,County Road,2,Urban,5,Major Collector,2,County Highway Agency,0,This section IS NOT on the NHS,0,No Special Jurisdiction,0,None,41.57090833,41.57090833,-81.57516944,-81.57516944,33,Curb,0,The First Harmful Event was Not a Collision with a Motor Vehicle in Transport,0,No,1,Non-Junction,1,Not an Intersection,4,On Roadside,0,None,1,Daylight,1,Clear,0,No,0000000,Not Applicable,11,11:00am-11:59am,55,55,12,12:00pm-12:59pm,0,0,12,12:00pm-12:59pm,19,19,1
39,Ohio,391126,1,1,1,1,0,1,1,131,PIKE (131),0,NOT APPLICABLE,12,December,7,7,4,Wednesday,2022,1,1:00am-1:59am,19,19,SR-104,NA,3,State Highway,2,Urban,5,Major Collector,1,State Highway Agency,0,This section IS NOT on the NHS,0,No Special Jurisdiction,118,118,39.11254444,39.11254444,-83.003825,-83.003825,8,Pedestrian,0,The First Harmful Event was Not a Collision with a Motor Vehicle in Transport,0,No,1,Non-Junction,1,Not an Intersection,1,On Roadway,0,None,2,Dark - Not Lighted,2,Rain,0,No,0000000,Not Applicable,1,1:00am-1:59am,14,14,1,1:00am-1:59am,29,29,88,Not Applicable (Not Transported),88,Not Applicable (Not Transported),1
39,Ohio,391127,0,0,1,1,0,2,2,127,PERRY (127),0,NOT APPLICABLE,12,December,9,9,6,Friday,2022,15,3:00pm-3:59pm,50,50,CR-128,NA,4,County Road,1,Rural,7,Local,2,County Highway Agency,0,This section IS NOT on the NHS,0,No Special Jurisdiction,0,None,39.70621111,39.70621111,-82.24422778,-82.24422778,35,Embankment,0,The First Harmful Event was Not a Collision with a Motor Vehicle in Transport,0,No,1,Non-Junction,1,Not an Intersection,4,On Roadside,0,None,1,Daylight,10,Cloudy,0,No,0000000,Not Applicable,15,3:00pm-3:59pm,51,51,15,3:00pm-3:59pm,56,56,16,4:00pm-4:59pm,28,28,1
39,Ohio,391128,0,0,2,2,0,2,2,153,SUMMIT (153),0,NOT APPLICABLE,12,December,13,13,3,Tuesday,2022,13,1:00pm-1:59pm,50,50,CR-130 KRUMROY RD,TR-495 SYPHER RD,4,County Road,2,Urban,5,Major Collector,2,County Highway Agency,0,This section IS NOT on the NHS,0,No Special Jurisdiction,0,None,41.01553056,41.01553056,-81.49021667,-81.49021667,12,Motor Vehicle In-Transport,6,Angle,0,No,3,Intersection-Related,3,T-Intersection,1,On Roadway,0,None,1,Daylight,10,Cloudy,0,No,0000000,Not Applicable,13,1:00pm-1:59pm,53,53,13,1:00pm-1:59pm,58,58,14,2:00pm-2:59pm,16,16,1
39,Ohio,391129,0,0,1,1,0,2,2,79,JACKSON (79),0,NOT APPLICABLE,7,July,7,7,5,Thursday,2022,9,9:00am-9:59am,33,33,US-35,NA,2,US Highway,1,Rural,3,Principal Arterial - Other,1,State Highway Agency,1,This section IS ON the NHS,0,No Special Jurisdiction,230,230,38.95375,38.95375,-82.48703889,-82.48703889,35,Embankment,0,The First Harmful Event was Not a Collision with a Motor Vehicle in Transport,0,No,1,Non-Junction,1,Not an Intersection,4,On Roadside,4,"Work Zone, Type Unknown",1,Daylight,10,Cloudy,0,No,0000000,Not Applicable,9,9:00am-9:59am,32,32,9,9:00am-9:59am,50,50,10,10:00am-10:59am,7,7,1
39,Ohio,391130,0,0,1,1,0,1,1,77,HURON (77),0,NOT APPLICABLE,10,October,24,24,2,Monday,2022,21,9:00pm-9:59pm,40,40,SR-61,TR-93 GRAHAM RD,3,State Highway,1,Rural,5,Major Collector,1,State Highway Agency,0,This section IS NOT on the NHS,0,No Special Jurisdiction,119,119,41.15828056,41.15828056,-82.64935833,-82.64935833,34,Ditch,0,The First Harmful Event was Not a Collision with a Motor Vehicle in Transport,0,No,3,Intersection-Related,3,T-Intersection,4,On Roadside,0,None,2,Dark - Not Lighted,1,Clear,0,No,0000000,Not Applicable,21,9:00pm-9:59pm,51,51,21,9:00pm-9:59pm,58,58,22,10:00pm-10:59pm,33,33,1
39,Ohio,391131,0,0,1,1,0,1,1,7,ASHTABULA (7),0,NOT APPLICABLE,12,December,15,15,5,Thursday,2022,13,1:00pm-1:59pm,24,24,SR-45 CENTER RD,NA,3,State Highway,1,Rural,4,Minor Arterial,1,State Highway Agency,0,This section IS NOT on the NHS,0,No Special Jurisdiction,122,122,41.67749167,41.67749167,-80.85553611,-80.85553611,34,Ditch,0,The First Harmful Event was Not a Collision with a Motor Vehicle in Transport,0,No,1,Non-Junction,1,Not an Intersection,4,On Roadside,0,None,1,Daylight,2,Rain,0,No,0000000,Not Applicable,13,1:00pm-1:59pm,23,23,13,1:00pm-1:59pm,29,29,14,2:00pm-2:59pm,17,17,1
39,Ohio,391132,0,0,2,2,0,4,4,57,GREENE (57),0,NOT APPLICABLE,12,December,16,16,6,Friday,2022,11,11:00am-11:59am,51,51,CR-84 TREBEIN RD,CR-142 DAYTON-XENIA RD,4,County Road,2,Urban,5,Major Collector,2,County Highway Agency,0,This section IS NOT on the NHS,0,No Special Jurisdiction,0,None,39.70882778,39.70882778,-83.99086389,-83.99086389,12,Motor Vehicle In-Transport,6,Angle,0,No,2,Intersection,2,Four-Way Intersection,1,On Roadway,0,None,1,Daylight,10,Cloudy,0,No,0000000,Not Applicable,11,11:00am-11:59am,52,52,11,11:00am-11:59am,56,56,12,12:00pm-12:59pm,15,15,1
39,Ohio,391133,0,0,1,1,0,2,2,23,CLARK (23),0,NOT APPLICABLE,12,December,18,18,1,Sunday,2022,1,1:00am-1:59am,37,37,I-70,NA,1,Interstate,2,Urban,1,Interstate,1,State Highway Agency,1,This section IS ON the NHS,0,No Special Jurisdiction,208,208,39.92418611,39.92418611,-83.68744444,-83.68744444,24,Guardrail Face,0,The First Harmful Event was Not a Collision with a Motor Vehicle in Transport,0,No,1,Non-Junction,1,Not an Intersection,3,On Median,0,None,3,Dark - Lighted,4,Snow,0,No,0000000,Not Applicable,1,1:00am-1:59am,56,56,2,2:00am-2:59am,8,8,88,Not Applicable (Not Transported),88,Not Applicable (Not Transported),1
39,Ohio,391134,0,0,2,2,0,2,2,107,MERCER (107),0,NOT APPLICABLE,12,December,19,19,2,Monday,2022,6,6:00am-6:59am,28,28,CR-180 OREGON RD,CR-151 RICE RD,4,County Road,1,Rural,7,Local,2,County Highway Agency,0,This section IS NOT on the NHS,0,No Special Jurisdiction,0,None,40.60778056,40.60778056,-84.51308889,-84.51308889,12,Motor Vehicle In-Transport,6,Angle,0,No,2,Intersection,2,Four-Way Intersection,1,On Roadway,0,None,2,Dark - Not Lighted,1,Clear,0,No,0000000,Not Applicable,6,6:00am-6:59am,30,30,6,6:00am-6:59am,40,40,7,7:00am-7:59am,15,15,1
39,Ohio,391135,0,0,1,1,0,1,1,35,CUYAHOGA (35),1680,CLEVELAND,12,December,20,20,3,Tuesday,2022,5,5:00am-5:59am,15,15,TIEDEMAN RD,NA,6,Local Street - Municipality,2,Urban,7,Local,4,City or Municipal Highway Agency,0,This section IS NOT on the NHS,1,National Park Service,0,None,41.44368889,41.44368889,-81.75591111,-81.75591111,42,Tree (Standing Only),0,The First Harmful Event was Not a Collision with a Motor Vehicle in Transport,0,No,1,Non-Junction,1,Not an Intersection,4,On Roadside,0,None,2,Dark - Not Lighted,1,Clear,0,No,0000000,Not Applicable,5,5:00am-5:59am,22,22,5,5:00am-5:59am,26,26,88,Not Applicable (Not Transported),88,Not Applicable (Not Transported),1
39,Ohio,391136,1,1,1,1,0,1,1,35,CUYAHOGA (35),960,BRATENAHL,11,November,19,19,7,Saturday,2022,20,8:00pm-8:59pm,24,24,I-90,NA,1,Interstate,2,Urban,1,Interstate,31,State Toll Road,1,This section IS ON the NHS,0,No Special Jurisdiction,213,213,41.54023333,41.54023333,-81.62621944,-81.62621944,8,Pedestrian,0,The First Harmful Event was Not a Collision with a Motor Vehicle in Transport,0,No,1,Non-Junction,1,Not an Intersection,1,On Roadway,0,None,3,Dark - Lighted,4,Snow,0,No,0000000,Not Applicable,20,8:00pm-8:59pm,25,25,20,8:00pm-8:59pm,31,31,20,8:00pm-8:59pm,44,44,1
39,Ohio,391137,0,0,1,1,0,1,1,35,CUYAHOGA (35),1680,CLEVELAND,11,November,28,28,2,Monday,2022,15,3:00pm-3:59pm,58,58,STORER AVE,NA,6,Local Street - Municipality,2,Urban,7,Local,4,City or Municipal Highway Agency,0,This section IS NOT on the NHS,0,No Special Jurisdiction,0,None,41.4644,41.4644,-81.72116944,-81.72116944,42,Tree (Standing Only),0,The First Harmful Event was Not a Collision with a Motor Vehicle in Transport,0,No,1,Non-Junction,1,Not an Intersection,4,On Roadside,0,None,1,Daylight,10,Cloudy,0,No,0000000,Not Applicable,16,4:00pm-4:59pm,0,0,16,4:00pm-4:59pm,4,4,16,4:00pm-4:59pm,16,16,1
39,Ohio,391138,0,0,2,2,0,2,2,165,WARREN (165),0,NOT APPLICABLE,11,November,25,25,6,Friday,2022,14,2:00pm-2:59pm,43,43,CR-38 MASON MORROW MILLGROVE,NA,4,County Road,1,Rural,7,Local,2,County Highway Agency,0,This section IS NOT on the NHS,0,No Special Jurisdiction,0,None,39.36697778,39.36697778,-84.15529722,-84.15529722,12,Motor Vehicle In-Transport,2,Front-to-Front,0,No,1,Non-Junction,1,Not an Intersection,1,On Roadway,0,None,1,Daylight,1,Clear,0,No,0000000,Not Applicable,14,2:00pm-2:59pm,42,42,14,2:00pm-2:59pm,48,48,15,3:00pm-3:59pm,18,18,1
39,Ohio,391139,0,0,2,2,0,2,2,61,HAMILTON (61),0,NOT APPLICABLE,11,November,30,30,4,Wednesday,2022,21,9:00pm-9:59pm,51,51,US-27 COLERAIN AV,CR-68 BANNING RD,2,US Highway,2,Urban,3,Principal Arterial - Other,1,State Highway Agency,1,This section IS ON the NHS,0,No Special Jurisdiction,109,109,39.21106389,39.21106389,-84.58412222,-84.58412222,12,Motor Vehicle In-Transport,1,Front-to-Rear,0,No,3,Intersection-Related,2,Four-Way Intersection,1,On Roadway,0,None,3,Dark - Lighted,1,Clear,0,No,0000000,Not Applicable,21,9:00pm-9:59pm,55,55,21,9:00pm-9:59pm,57,57,22,10:00pm-10:59pm,21,21,1
39,Ohio,391140,0,0,3,3,0,4,4,113,MONTGOMERY (113),1070,BROOKVILLE,12,December,5,5,2,Monday,2022,17,5:00pm-5:59pm,0,0,CR-22 UPPER LEWISBURG SALEM RD,ARLINGTON RD,4,County Road,2,Urban,7,Local,2,County Highway Agency,0,This section IS NOT on the NHS,0,No Special Jurisdiction,0,None,39.84340556,39.84340556,-84.42488889,-84.42488889,12,Motor Vehicle In-Transport,6,Angle,0,No,3,Intersection-Related,2,Four-Way Intersection,1,On Roadway,0,None,1,Daylight,1,Clear,0,No,0000000,Not Applicable,17,5:00pm-5:59pm,0,0,17,5:00pm-5:59pm,4,4,17,5:00pm-5:59pm,55,55,1
39,Ohio,391141,0,0,2,2,0,4,4,109,MIAMI (109),0,NOT APPLICABLE,12,December,10,10,7,Saturday,2022,21,9:00pm-9:59pm,45,45,US-36,NA,2,US Highway,2,Urban,4,Minor Arterial,1,State Highway Agency,0,This section IS NOT on the NHS,0,No Special Jurisdiction,78,78,40.13701389,40.13701389,-84.28541944,-84.28541944,12,Motor Vehicle In-Transport,2,Front-to-Front,0,No,1,Non-Junction,1,Not an Intersection,1,On Roadway,0,None,2,Dark - Not Lighted,10,Cloudy,0,No,0000000,Not Applicable,21,9:00pm-9:59pm,52,52,21,9:00pm-9:59pm,58,58,22,10:00pm-10:59pm,25,25,1
39,Ohio,391142,0,0,1,1,0,1,1,13,BELMONT (13),0,NOT APPLICABLE,12,December,12,12,2,Monday,2022,5,5:00am-5:59am,45,45,I-70,NA,1,Interstate,1,Rural,1,Interstate,1,State Highway Agency,1,This section IS ON the NHS,0,No Special Jurisdiction,12,12,40.05921389,40.05921389,-81.20718611,-81.20718611,24,Guardrail Face,0,The First Harmful Event was Not a Collision with a Motor Vehicle in Transport,0,No,1,Non-Junction,1,Not an Intersection,4,On Roadside,0,None,2,Dark - Not Lighted,10,Cloudy,0,No,0000000,Not Applicable,5,5:00am-5:59am,54,54,6,6:00am-6:59am,5,5,88,Not Applicable (Not Transported),88,Not Applicable (Not Transported),1
39,Ohio,391143,0,0,1,1,0,1,1,3,ALLEN (3),0,NOT APPLICABLE,12,December,12,12,2,Monday,2022,7,7:00am-7:59am,22,22,SR-196 WAYNESFIELD RD,NA,3,State Highway,1,Rural,3,Principal Arterial - Other,1,State Highway Agency,0,This section IS NOT on the NHS,0,No Special Jurisdiction,24,24,40.68075278,40.68075278,-83.97573611,-83.97573611,24,Guardrail Face,0,The First Harmful Event was Not a Collision with a Motor Vehicle in Transport,0,No,1,Non-Junction,1,Not an Intersection,4,On Roadside,0,None,4,Dawn,10,Cloudy,0,No,0000000,Not Applicable,7,7:00am-7:59am,23,23,7,7:00am-7:59am,37,37,88,Not Applicable (Not Transported),88,Not Applicable (Not Transported),1
39,Ohio,391144,0,1,2,1,1,2,1,173,WOOD (173),0,NOT APPLICABLE,12,December,14,14,4,Wednesday,2022,0,0:00am-0:59am,54,54,I-80,NA,1,Interstate,2,Urban,1,Interstate,31,State Toll Road,1,This section IS ON the NHS,0,No Special Jurisdiction,46,46,41.54576111,41.54576111,-83.53095833,-83.53095833,14,Parked Motor Vehicle,0,The First Harmful Event was Not a Collision with a Motor Vehicle in Transport,0,No,1,Non-Junction,1,Not an Intersection,4,On Roadside,0,None,2,Dark - Not Lighted,1,Clear,0,No,0000000,Not Applicable,0,0:00am-0:59am,52,52,1,1:00am-1:59am,5,5,88,Not Applicable (Not Transported),88,Not Applicable (Not Transported),1
39,Ohio,391145,0,0,1,1,0,1,1,35,CUYAHOGA (35),9997,Other,12,December,14,14,4,Wednesday,2022,12,12:00pm-12:59pm,32,32,I-271,NA,1,Interstate,2,Urban,1,Interstate,1,State Highway Agency,1,This section IS ON the NHS,0,No Special Jurisdiction,13,13,41.44869167,41.44869167,-81.49123889,-81.49123889,24,Guardrail Face,0,The First Harmful Event was Not a Collision with a Motor Vehicle in Transport,1,Yes,19,Other location within Interchange Area,1,Not an Intersection,8,Gore,0,None,1,Daylight,10,Cloudy,0,No,0000000,Not Applicable,12,12:00pm-12:59pm,36,36,12,12:00pm-12:59pm,40,40,88,Not Applicable (Not Transported),88,Not Applicable (Not Transported),1
39,Ohio,391146,0,0,3,3,0,4,4,11,AUGLAIZE (11),0,NOT APPLICABLE,12,December,12,12,2,Monday,2022,16,4:00pm-4:59pm,33,33,SR-66,NA,3,State Highway,1,Rural,5,Major Collector,1,State Highway Agency,0,This section IS NOT on the NHS,0,No Special Jurisdiction,91,91,40.511475,40.511475,-84.37745,-84.37745,12,Motor Vehicle In-Transport,2,Front-to-Front,0,No,1,Non-Junction,1,Not an Intersection,1,On Roadway,0,None,1,Daylight,10,Cloudy,0,No,0000000,Not Applicable,16,4:00pm-4:59pm,30,30,16,4:00pm-4:59pm,50,50,17,5:00pm-5:59pm,45,45,1
39,Ohio,391147,1,1,1,1,0,1,1,93,LORAIN (93),0,NOT APPLICABLE,12,December,15,15,5,Thursday,2022,18,6:00pm-6:59pm,36,36,SR-18,NA,3,State Highway,1,Rural,3,Principal Arterial - Other,1,State Highway Agency,1,This section IS ON the NHS,0,No Special Jurisdiction,7,7,41.171775,41.171775,-82.32561389,-82.32561389,8,Pedestrian,0,The First Harmful Event was Not a Collision with a Motor Vehicle in Transport,0,No,1,Non-Junction,1,Not an Intersection,1,On Roadway,0,None,2,Dark - Not Lighted,2,Rain,0,No,0000000,Not Applicable,18,6:00pm-6:59pm,34,34,18,6:00pm-6:59pm,42,42,88,Not Applicable (Not Transported),88,Not Applicable (Not Transported),1
39,Ohio,391148,1,1,1,1,0,2,2,21,CHAMPAIGN (21),8300,URBANA,12,December,13,13,3,Tuesday,2022,20,8:00pm-8:59pm,2,2,SR-36 SCIOTO ST,NA,3,State Highway,2,Urban,4,Minor Arterial,1,State Highway Agency,0,This section IS NOT on the NHS,0,No Special Jurisdiction,158,158,40.10728889,40.10728889,-83.73936944,-83.73936944,8,Pedestrian,0,The First Harmful Event was Not a Collision with a Motor Vehicle in Transport,0,No,8,Driveway Access Related,1,Not an Intersection,1,On Roadway,0,None,3,Dark - Lighted,1,Clear,0,No,0000000,Not Applicable,20,8:00pm-8:59pm,4,4,20,8:00pm-8:59pm,8,8,20,8:00pm-8:59pm,23,23,1
39,Ohio,391149,2,2,1,1,0,1,1,53,GALLIA (53),0,NOT APPLICABLE,12,December,16,16,6,Friday,2022,16,4:00pm-4:59pm,52,52,SR-325,NA,3,State Highway,1,Rural,5,Major Collector,1,State Highway Agency,0,This section IS NOT on the NHS,0,No Special Jurisdiction,25,25,38.82961944,38.82961944,-82.39515556,-82.39515556,49,Ridden Animal or Animal Drawn Conveyance,0,The First Harmful Event was Not a Collision with a Motor Vehicle in Transport,0,No,1,Non-Junction,1,Not an Intersection,1,On Roadway,0,None,1,Daylight,1,Clear,0,No,0000000,Not Applicable,16,4:00pm-4:59pm,50,50,17,5:00pm-5:59pm,5,5,17,5:00pm-5:59pm,43,43,1
39,Ohio,391150,1,1,1,1,0,4,4,153,SUMMIT (153),0,NOT APPLICABLE,12,December,17,17,7,Saturday,2022,18,6:00pm-6:59pm,45,45,I-77 VIETNAM VETERANS HWY,NA,1,Interstate,2,Urban,1,Interstate,1,State Highway Agency,1,This section IS ON the NHS,0,No Special Jurisdiction,273,273,41.18795,41.18795,-81.62589722,-81.62589722,8,Pedestrian,0,The First Harmful Event was Not a Collision with a Motor Vehicle in Transport,0,No,1,Non-Junction,1,Not an Intersection,1,On Roadway,0,None,2,Dark - Not Lighted,4,Snow,0,No,0000000,Not Applicable,18,6:00pm-6:59pm,48,48,18,6:00pm-6:59pm,55,55,88,Not Applicable (Not Transported),88,Not Applicable (Not Transported),1