STATE,STATENAME,ST_CASE,PEDS,PERNOTMVIT,VE_TOTAL,VE_FORMS,PVH_INVL,PERSONS,PERMVIT,COUNTY,COUNTYNAME,CITY,CITYNAME,MONTH,MONTHNAME,DAY,DAYNAME,DAY_WEEK,DAY_WEEKNAME,YEAR,HOUR,HOURNAME,MINUTE,MINUTENAME,TWAY_ID,TWAY_ID2,ROUTE,ROUTENAME,RUR_URB,RUR_URBNAME,FUNC_SYS,FUNC_SYSNAME,RD_OWNER,RD_OWNERNAME,NHS,NHSNAME,SP_JUR,SP_JURNAME,MILEPT,MILEPTNAME,LATITUDE,LATITUDENAME,LONGITUD,LONGITUDNAME,HARM_EV,HARM_EVNAME,MAN_COLL,MAN_COLLNAME,RELJCT1,RELJCT1NAME,RELJCT2,RELJCT2NAME,TYP_INT,TYP_INTNAME,REL_ROAD,REL_ROADNAME,WRK_ZONE,WRK_ZONENAME,LGT_COND,LGT_CONDNAME,WEATHER,WEATHERNAME,SCH_BUS,SCH_BUSNAME,RAIL,RAILNAME,NOT_HOUR,NOT_HOURNAME,NOT_MIN,NOT_MINNAME,ARR_HOUR,ARR_HOURNAME,ARR_MIN,ARR_MINNAME,HOSP_HR,HOSP_HRNAME,HOSP_MN,HOSP_MNNAME,FATALS
39,Ohio,391191,1,1,1,1,0,1,1,35,CUYAHOGA (35),1680,CLEVELAND,1,January,22,22,7,Saturday,2022,6,6:00am-6:59am,45,45,CR-37 DENISON AVE,58TH ST,4,County Road,2,Urban,4,Minor Arterial,2,County Highway Agency,0,This section IS NOT on the NHS,0,No Special Jurisdiction,0,None,41.45766667,41.45766667,-81.72794167,-81.72794167,8,Pedestrian,0,The First Harmful Event was Not a Collision with a Motor Vehicle in Transport,0,No,3,Intersection-Related,3,T-Intersection,1,On Roadway,0,None,4,Dawn,1,Clear,0,No,0000000,Not Applicable,7,7:00am-7:59am,4,4,7,7:00am-7:59am,17,17,7,7:00am-7:59am,33,33,1
39,Ohio,391192,0,0,2,2,0,2,2,61,HAMILTON (61),0,NOT APPLICABLE,12,December,17,17,7,Saturday,2022,19,7:00pm-7:59pm,0,0,CR-457 HARRISON RD,NA,4,County Road,2,Urban,5,Major Collector,2,County Highway Agency,0,This section IS NOT on the NHS,0,No Special Jurisdiction,0,None,39.23013611,39.23013611,-84.75140278,-84.75140278,12,Motor Vehicle In-Transport,6,Angle,0,No,1,Non-Junction,1,Not an Intersection,1,On Roadway,0,None,2,Dark - Not Lighted,10,Cloudy,0,No,0000000,Not Applicable,19,7:00pm-7:59pm,0,0,19,7:00pm-7:59pm,10,10,19,7:00pm-7:59pm,54,54,1
39,Ohio,391193,0,0,1,1,0,4,4,165,WARREN (165),0,NOT APPLICABLE,9,September,17,17,7,Saturday,2022,23,11:00pm-11:59pm,42,42,TR-1103 LOCUST DR,NA,5,Local Street - Township,2,Urban,7,Local,3,Town or Township Highway Agency,0,This section IS NOT on the NHS,0,No Special Jurisdiction,0,None,39.29665278,39.29665278,-84.263775,-84.263775,5,Fell/Jumped from Vehicle,0,The First Harmful Event was Not a Collision with a Motor Vehicle in Transport,0,No,1,Non-Junction,1,Not an Intersection,1,On Roadway,0,None,2,Dark - Not Lighted,1,Clear,0,No,0000000,Not Applicable,23,11:00pm-11:59pm,44,44,23,11:00pm-11:59pm,50,50,0,0:00am-0:59am,8,8,1
39,Ohio,391194,0,0,2,2,0,3,3,35,CUYAHOGA (35),8330,VALLEY VIEW,9,September,16,16,6,Friday,2022,11,11:00am-11:59am,38,38,CR-82 CANAL RD,NA,4,County Road,2,Urban,4,Minor Arterial,2,County Highway Agency,0,This section IS NOT on the NHS,0,No Special Jurisdiction,0,None,41.41064722,41.41064722,-81.62887778,-81.62887778,12,Motor Vehicle In-Transport,8,Sideswipe - Opposite Direction,0,No,1,Non-Junction,1,Not an Intersection,1,On Roadway,0,None,1,Daylight,1,Clear,0,No,0000000,Not Applicable,11,11:00am-11:59am,39,39,11,11:00am-11:59am,45,45,88,Not Applicable (Not Transported),88,Not Applicable (Not Transported),1
39,Ohio,391195,0,0,1,1,0,1,1,3,ALLEN (3),4220,LIMA,9,September,24,24,7,Saturday,2022,12,12:00pm-12:59pm,25,25,JAMESON AVE,NA,6,Local Street - Municipality,2,Urban,7,Local,4,City or Municipal Highway Agency,0,This section IS NOT on the NHS,0,No Special Jurisdiction,0,None,40.75023056,40.75023056,-84.12416111,-84.12416111,23,Bridge Rail (Includes parapet),0,The First Harmful Event was Not a Collision with a Motor Vehicle in Transport,0,No,1,Non-Junction,1,Not an Intersection,4,On Roadside,0,None,1,Daylight,1,Clear,0,No,0000000,Not Applicable,12,12:00pm-12:59pm,25,25,12,12:00pm-12:59pm,29,29,88,Not Applicable (Not Transported),88,Not Applicable (Not Transported),1
39,Ohio,391196,0,0,1,1,0,1,1,35,CUYAHOGA (35),1680,CLEVELAND,10,October,21,21,6,Friday,2022,18,6:00pm-6:59pm,45,45,SR-237 ROCKY RIVER DR,FAIRVILLE AV,3,State Highway,2,Urban,4,Minor Arterial,1,State Highway Agency,0,This section IS NOT on the NHS,0,No Special Jurisdiction,92,92,41.43130278,41.43130278,-81.824175,-81.824175,38,Fence,0,The First Harmful Event was Not a Collision with a Motor Vehicle in Transport,0,No,3,Intersection-Related,2,Four-Way Intersection,4,On Roadside,0,None,1,Daylight,1,Clear,0,No,0000000,Not Applicable,18,6:00pm-6:59pm,46,46,18,6:00pm-6:59pm,51,51,19,7:00pm-7:59pm,13,13,1
39,Ohio,391197,0,0,50,50,0,128,128,43,ERIE (43),0,NOT APPLICABLE,12,December,23,23,6,Friday,2022,12,12:00pm-12:59pm,30,30,I-80,NA,1,Interstate,1,Rural,1,Interstate,31,State Toll Road,1,This section IS ON the NHS,0,No Special Jurisdiction,2,2,41.34971389,41.34971389,-82.83876389,-82.83876389,51,Jackknife (harmful to this vehicle),0,The First Harmful Event was Not a Collision with a Motor Vehicle in Transport,0,No,1,Non-Junction,1,Not an Intersection,1,On Roadway,0,None,1,Daylight,6,Severe Crosswinds,0,No,0000000,Not Applicable,12,12:00pm-12:59pm,37,37,13,1:00pm-1:59pm,1,1,99,Unknown,99,Unknown EMS Hospital Arrival Time,4
39,Ohio,391198,1,1,1,1,0,1,1,35,CUYAHOGA (35),4685,MAPLE HEIGHTS,12,December,22,22,5,Thursday,2022,13,1:00pm-1:59pm,59,59,CR-8 LEE RD,RAYMOND ST,4,County Road,2,Urban,4,Minor Arterial,2,County Highway Agency,0,This section IS NOT on the NHS,0,No Special Jurisdiction,0,None,41.42188889,41.42188889,-81.56540556,-81.56540556,33,Curb,0,The First Harmful Event was Not a Collision with a Motor Vehicle in Transport,0,No,3,Intersection-Related,2,Four-Way Intersection,4,On Roadside,0,None,1,Daylight,10,Cloudy,0,No,0000000,Not Applicable,14,2:00pm-2:59pm,12,12,14,2:00pm-2:59pm,13,13,99,Unknown,99,Unknown EMS Hospital Arrival Time,1
39,Ohio,391199,0,0,3,3,0,4,4,57,GREENE (57),0,NOT APPLICABLE,12,December,29,29,5,Thursday,2022,8,8:00am-8:59am,51,51,I-71,NA,1,Interstate,1,Rural,1,Interstate,1,State Highway Agency,1,This section IS ON the NHS,0,No Special Jurisdiction,29,29,39.57707222,39.57707222,-83.68739167,-83.68739167,12,Motor Vehicle In-Transport,1,Front-to-Rear,0,No,1,Non-Junction,1,Not an Intersection,1,On Roadway,0,None,1,Daylight,10,Cloudy,0,No,0000000,Not Applicable,9,9:00am-9:59am,13,13,9,9:00am-9:59am,18,18,9,9:00am-9:59am,43,43,1
39,Ohio,391201,0,0,1,1,0,1,1,17,BUTLER (17),0,NOT APPLICABLE,11,November,17,17,5,Thursday,2022,3,3:00am-3:59am,30,30,CR-180 HAMILTON EATON RD,NA,4,County Road,1,Rural,7,Local,2,County Highway Agency,0,This section IS NOT on the NHS,0,No Special Jurisdiction,0,None,39.53577222,39.53577222,-84.62396667,-84.62396667,30,Utility Pole/Light Support,0,The First Harmful Event was Not a Collision with a Motor Vehicle in Transport,0,No,1,Non-Junction,1,Not an Intersection,4,On Roadside,0,None,2,Dark - Not Lighted,10,Cloudy,0,No,0000000,Not Applicable,3,3:00am-3:59am,44,44,4,4:00am-4:59am,2,2,4,4:00am-4:59am,51,51,1
39,Ohio,391202,0,0,2,2,0,3,3,151,STARK (151),0,NOT APPLICABLE,12,December,13,13,3,Tuesday,2022,17,5:00pm-5:59pm,18,18,CR-66 CLEVELAND AVE NW,NA,4,County Road,2,Urban,3,Principal Arterial - Other,2,County Highway Agency,0,This section IS NOT on the NHS,0,No Special Jurisdiction,0,None,40.90616667,40.90616667,-81.40569167,-81.40569167,12,Motor Vehicle In-Transport,1,Front-to-Rear,0,No,1,Non-Junction,1,Not an Intersection,1,On Roadway,0,None,5,Dusk,1,Clear,0,No,0000000,Not Applicable,17,5:00pm-5:59pm,27,27,17,5:00pm-5:59pm,34,34,18,6:00pm-6:59pm,10,10,1
39,Ohio,391203,0,0,1,1,0,1,1,35,CUYAHOGA (35),1680,CLEVELAND,12,December,30,30,6,Friday,2022,2,2:00am-2:59am,55,55,SR-10 LORAIN AV,96TH ST,3,State Highway,2,Urban,4,Minor Arterial,1,State Highway Agency,0,This section IS NOT on the NHS,0,No Special Jurisdiction,131,131,41.46854444,41.46854444,-81.74886667,-81.74886667,30,Utility Pole/Light Support,0,The First Harmful Event was Not a Collision with a Motor Vehicle in Transport,0,No,3,Intersection-Related,3,T-Intersection,4,On Roadside,0,None,3,Dark - Lighted,1,Clear,0,No,0000000,Not Applicable,2,2:00am-2:59am,57,57,2,2:00am-2:59am,57,57,3,3:00am-3:59am,16,16,1
39,Ohio,391204,0,0,2,2,0,2,2,35,CUYAHOGA (35),1680,CLEVELAND,12,December,10,10,7,Saturday,2022,20,8:00pm-8:59pm,8,8,SR-87 WOODLAND AV,NA,3,State Highway,2,Urban,3,Principal Arterial - Other,1,State Highway Agency,0,This section IS NOT on the NHS,0,No Special Jurisdiction,28,28,41.48808056,41.48808056,-81.64349444,-81.64349444,12,Motor Vehicle In-Transport,2,Front-to-Front,0,No,1,Non-Junction,1,Not an Intersection,1,On Roadway,0,None,3,Dark - Lighted,10,Cloudy,0,No,0000000,Not Applicable,20,8:00pm-8:59pm,12,12,20,8:00pm-8:59pm,15,15,20,8:00pm-8:59pm,27,27,1
39,Ohio,391205,0,0,2,2,0,3,3,17,BUTLER (17),5010,MIDDLETOWN,10,October,8,8,7,Saturday,2022,14,2:00pm-2:59pm,12,12,SR-122 ROOSEVELT BLVD,NA,3,State Highway,2,Urban,3,Principal Arterial - Other,1,State Highway Agency,0,This section IS NOT on the NHS,0,No Special Jurisdiction,90,90,39.50227222,39.50227222,-84.37915,-84.37915,12,Motor Vehicle In-Transport,2,Front-to-Front,0,No,1,Non-Junction,1,Not an Intersection,1,On Roadway,0,None,1,Daylight,1,Clear,0,No,0000000,Not Applicable,15,3:00pm-3:59pm,7,7,15,3:00pm-3:59pm,7,7,88,Not Applicable (Not Transported),88,Not Applicable (Not Transported),1
39,Ohio,391206,0,0,2,2,0,2,2,17,BUTLER (17),5010,MIDDLETOWN,11,November,6,6,1,Sunday,2022,16,4:00pm-4:59pm,15,15,CR-602 MANCHESTER RD,CAMBRIDGE DR,4,County Road,2,Urban,4,Minor Arterial,2,County Highway Agency,0,This section IS NOT on the NHS,0,No Special Jurisdiction,0,None,39.52505,39.52505,-84.33861111,-84.33861111,12,Motor Vehicle In-Transport,6,Angle,0,No,2,Intersection,2,Four-Way Intersection,1,On Roadway,0,None,1,Daylight,1,Clear,0,No,0000000,Not Applicable,16,4:00pm-4:59pm,16,16,16,4:00pm-4:59pm,19,19,16,4:00pm-4:59pm,34,34,1
39,Ohio,391207,0,0,2,2,0,4,4,147,SENECA (147),8070,TIFFIN,12,December,3,3,7,Saturday,2022,13,1:00pm-1:59pm,45,45,SR-18 MARKET ST,TEAKWOOD DR,3,State Highway,2,Urban,4,Minor Arterial,1,State Highway Agency,0,This section IS NOT on the NHS,0,No Special Jurisdiction,130,130,41.11136111,41.11136111,-83.20351667,-83.20351667,12,Motor Vehicle In-Transport,6,Angle,0,No,2,Intersection,2,Four-Way Intersection,1,On Roadway,0,None,1,Daylight,10,Cloudy,0,No,0000000,Not Applicable,13,1:00pm-1:59pm,47,47,13,1:00pm-1:59pm,51,51,14,2:00pm-2:59pm,5,5,1
39,Ohio,391208,1,1,1,1,0,1,1,113,MONTGOMERY (113),3622,HUBER HEIGHTS,12,December,18,18,1,Sunday,2022,7,7:00am-7:59am,8,8,SR-4 VALLEY PIKE,NA,3,State Highway,2,Urban,3,Principal Arterial - Other,1,State Highway Agency,1,This section IS ON the NHS,0,No Special Jurisdiction,235,235,39.84313056,39.84313056,-84.05901944,-84.05901944,8,Pedestrian,0,The First Harmful Event was Not a Collision with a Motor Vehicle in Transport,1,Yes,18,Through Roadway,1,Not an Intersection,1,On Roadway,4,"Work Zone, Type Unknown",2,Dark - Not Lighted,10,Cloudy,0,No,0000000,Not Applicable,7,7:00am-7:59am,10,10,7,7:00am-7:59am,11,11,7,7:00am-7:59am,29,29,1
39,Ohio,391209,0,0,2,2,0,5,5,37,DARKE (37),0,NOT APPLICABLE,12,December,17,17,7,Saturday,2022,20,8:00pm-8:59pm,39,39,US-127,CR-33 CHILDRENS HME BRADFRD RD,2,US Highway,2,Urban,4,Minor Arterial,1,State Highway Agency,0,This section IS NOT on the NHS,0,No Special Jurisdiction,156,156,40.13601667,40.13601667,-84.60886667,-84.60886667,12,Motor Vehicle In-Transport,6,Angle,0,No,2,Intersection,2,Four-Way Intersection,1,On Roadway,0,None,2,Dark - Not Lighted,4,Snow,0,No,0000000,Not Applicable,20,8:00pm-8:59pm,39,39,20,8:00pm-8:59pm,48,48,21,9:00pm-9:59pm,22,22,1
39,Ohio,391210,0,0,1,1,0,1,1,85,LAKE (85),0,NOT APPLICABLE,12,December,14,14,4,Wednesday,2022,1,1:00am-1:59am,16,16,CR-22 MIDDLE RIDGE RD,NA,4,County Road,2,Urban,5,Major Collector,2,County Highway Agency,0,This section IS NOT on the NHS,0,No Special Jurisdiction,0,None,41.78094167,41.78094167,-81.10984722,-81.10984722,42,Tree (Standing Only),0,The First Harmful Event was Not a Collision with a Motor Vehicle in Transport,0,No,1,Non-Junction,1,Not an Intersection,4,On Roadside,0,None,2,Dark - Not Lighted,10,Cloudy,0,No,0000000,Not Applicable,1,1:00am-1:59am,22,22,1,1:00am-1:59am,22,22,88,Not Applicable (Not Transported),88,Not Applicable (Not Transported),1
39,Ohio,391211,0,0,1,1,0,1,1,145,SCIOTO (145),0,NOT APPLICABLE,12,December,8,8,5,Thursday,2022,15,3:00pm-3:59pm,45,45,SR-73,NA,3,State Highway,1,Rural,5,Major Collector,1,State Highway Agency,0,This section IS NOT on the NHS,0,No Special Jurisdiction,150,150,38.80743611,38.80743611,-83.10019167,-83.10019167,35,Embankment,0,The First Harmful Event was Not a Collision with a Motor Vehicle in Transport,0,No,1,Non-Junction,1,Not an Intersection,4,On Roadside,0,None,1,Daylight,2,Rain,0,No,0000000,Not Applicable,15,3:00pm-3:59pm,47,47,15,3:00pm-3:59pm,51,51,16,4:00pm-4:59pm,23,23,1
39,Ohio,391212,1,1,1,1,0,1,1,153,SUMMIT (153),70,AKRON,12,December,22,22,5,Thursday,2022,17,5:00pm-5:59pm,41,41,CR-627 EXCHANGE ST,CR-7025 SPICER ST,4,County Road,2,Urban,4,Minor Arterial,2,County Highway Agency,0,This section IS NOT on the NHS,0,No Special Jurisdiction,0,None,41.07113889,41.07113889,-81.50676667,-81.50676667,8,Pedestrian,0,The First Harmful Event was Not a Collision with a Motor Vehicle in Transport,0,No,3,Intersection-Related,2,Four-Way Intersection,1,On Roadway,0,None,3,Dark - Lighted,2,Rain,0,No,0000000,Not Applicable,17,5:00pm-5:59pm,42,42,17,5:00pm-5:59pm,46,46,18,6:00pm-6:59pm,2,2,1
39,Ohio,391213,0,0,1,1,0,2,2,99,MAHONING (99),9230,YOUNGSTOWN,11,November,13,13,1,Sunday,2022,9,9:00am-9:59am,22,22,SR-711 DIVISION STREET EXPY,NA,3,State Highway,2,Urban,2,Principal Arterial - Other Freeways and Expressways,1,State Highway Agency,1,This section IS ON the NHS,0,No Special Jurisdiction,3,3,41.11741111,41.11741111,-80.69601111,-80.69601111,25,Concrete Traffic Barrier,0,The First Harmful Event was Not a Collision with a Motor Vehicle in Transport,0,No,1,Non-Junction,1,Not an Intersection,4,On Roadside,0,None,1,Daylight,10,Cloudy,0,No,0000000,Not Applicable,9,9:00am-9:59am,27,27,9,9:00am-9:59am,33,33,10,10:00am-10:59am,0,0,1
39,Ohio,391214,0,0,2,2,0,5,5,109,MIAMI (109),8190,TROY,11,November,18,18,6,Friday,2022,14,2:00pm-2:59pm,27,27,SR-55 MARKET ST,NA,3,State Highway,2,Urban,4,Minor Arterial,1,State Highway Agency,0,This section IS NOT on the NHS,0,No Special Jurisdiction,113,113,40.03564722,40.03564722,-84.20605278,-84.20605278,12,Motor Vehicle In-Transport,2,Front-to-Front,0,No,1,Non-Junction,1,Not an Intersection,1,On Roadway,0,None,1,Daylight,10,Cloudy,0,No,0000000,Not Applicable,14,2:00pm-2:59pm,28,28,14,2:00pm-2:59pm,36,36,14,2:00pm-2:59pm,49,49,1
39,Ohio,391215,1,1,1,1,0,1,1,113,MONTGOMERY (113),6990,RIVERSIDE,11,November,22,22,3,Tuesday,2022,1,1:00am-1:59am,59,59,BEATRICE RD,NA,6,Local Street - Municipality,2,Urban,7,Local,4,City or Municipal Highway Agency,0,This section IS NOT on the NHS,0,No Special Jurisdiction,0,None,39.80318333,39.80318333,-84.14093611,-84.14093611,8,Pedestrian,0,The First Harmful Event was Not a Collision with a Motor Vehicle in Transport,0,No,1,Non-Junction,1,Not an Intersection,1,On Roadway,0,None,2,Dark - Not Lighted,1,Clear,0,No,0000000,Not Applicable,1,1:00am-1:59am,59,59,2,2:00am-2:59am,4,4,2,2:00am-2:59am,22,22,1
39,Ohio,391216,0,0,1,1,0,1,1,45,FAIRFIELD (45),0,NOT APPLICABLE,11,November,30,30,4,Wednesday,2022,20,8:00pm-8:59pm,22,22,SR-158 LANCASTER KIRKERSVILLE,NA,3,State Highway,1,Rural,5,Major Collector,1,State Highway Agency,0,This section IS NOT on the NHS,0,No Special Jurisdiction,28,28,39.74870556,39.74870556,-82.61766667,-82.61766667,30,Utility Pole/Light Support,0,The First Harmful Event was Not a Collision with a Motor Vehicle in Transport,0,No,1,Non-Junction,1,Not an Intersection,4,On Roadside,0,None,2,Dark - Not Lighted,1,Clear,0,No,0000000,Not Applicable,20,8:00pm-8:59pm,22,22,20,8:00pm-8:59pm,27,27,20,8:00pm-8:59pm,45,45,1
39,Ohio,391217,0,0,2,2,0,3,3,61,HAMILTON (61),0,NOT APPLICABLE,12,December,6,6,3,Tuesday,2022,16,4:00pm-4:59pm,27,27,CR-96 SPRINGDALE RD,NA,4,County Road,2,Urban,5,Major Collector,2,County Highway Agency,0,This section IS NOT on the NHS,0,No Special Jurisdiction,0,None,39.26605,39.26605,-84.53494167,-84.53494167,12,Motor Vehicle In-Transport,2,Front-to-Front,0,No,1,Non-Junction,1,Not an Intersection,1,On Roadway,0,None,1,Daylight,10,Cloudy,0,No,0000000,Not Applicable,16,4:00pm-4:59pm,35,35,16,4:00pm-4:59pm,41,41,17,5:00pm-5:59pm,7,7,1
39,Ohio,391218,0,0,1,1,0,2,2,99,MAHONING (99),9230,YOUNGSTOWN,12,December,1,1,5,Thursday,2022,19,7:00pm-7:59pm,38,38,CR-18 MAHONING AV,NA,4,County Road,2,Urban,4,Minor Arterial,2,County Highway Agency,0,This section IS NOT on the NHS,0,No Special Jurisdiction,0,None,41.1031,41.1031,-80.7046,-80.7046,33,Curb,0,The First Harmful Event was Not a Collision with a Motor Vehicle in Transport,0,No,1,Non-Junction,1,Not an Intersection,4,On Roadside,0,None,3,Dark - Lighted,1,Clear,0,No,0000000,Not Applicable,19,7:00pm-7:59pm,46,46,19,7:00pm-7:59pm,50,50,20,8:00pm-8:59pm,11,11,1
39,Ohio,391219,0,0,2,2,0,3,3,35,CUYAHOGA (35),2520,EUCLID,12,December,30,30,6,Friday,2022,20,8:00pm-8:59pm,59,59,US-20 EUCLID AV,NA,2,US Highway,2,Urban,3,Principal Arterial - Other,1,State Highway Agency,1,This section IS ON the NHS,0,No Special Jurisdiction,284,284,41.57273889,41.57273889,-81.52524444,-81.52524444,12,Motor Vehicle In-Transport,6,Angle,0,No,8,Driveway Access Related,1,Not an Intersection,1,On Roadway,0,None,3,Dark - Lighted,1,Clear,0,No,0000000,Not Applicable,21,9:00pm-9:59pm,0,0,21,9:00pm-9:59pm,5,5,21,9:00pm-9:59pm,25,25,1
39,Ohio,391220,1,1,1,1,0,1,1,23,CLARK (23),0,NOT APPLICABLE,11,November,25,25,6,Friday,2022,4,4:00am-4:59am,43,43,TR-214 BIRD  RD,NA,5,Local Street - Township,2,Urban,4,Minor Arterial,3,Town or Township Highway Agency,0,This section IS NOT on the NHS,0,No Special Jurisdiction,0,None,39.92230556,39.92230556,-83.73892778,-83.73892778,8,Pedestrian,0,The First Harmful Event was Not a Collision with a Motor Vehicle in Transport,0,No,1,Non-Junction,1,Not an Intersection,1,On Roadway,0,None,2,Dark - Not Lighted,10,Cloudy,0,No,0000000,Not Applicable,88,Not Applicable (Not Notified),88,Not Applicable (Not Notified),88,Not Applicable,88,Not Applicable,88,Not Applicable (Not Transported),88,Not Applicable (Not Transported),1
39,Ohio,391221,0,0,1,1,0,1,1,29,COLUMBIANA (29),0,NOT APPLICABLE,11,November,4,4,6,Friday,2022,16,4:00pm-4:59pm,19,19,SR-11 RIVER LAKE HWY,NA,3,State Highway,1,Rural,2,Principal Arterial - Other Freeways and Expressways,1,State Highway Agency,1,This section IS ON the NHS,0,No Special Jurisdiction,210,210,40.8431,40.8431,-80.73266111,-80.73266111,43,Other Fixed Object,0,The First Harmful Event was Not a Collision with a Motor Vehicle in Transport,0,No,1,Non-Junction,1,Not an Intersection,3,On Median,0,None,1,Daylight,1,Clear,0,No,0000000,Not Applicable,17,5:00pm-5:59pm,11,11,17,5:00pm-5:59pm,11,11,99,Unknown,99,Unknown EMS Hospital Arrival Time,1
39,Ohio,391222,0,0,1,1,0,1,1,49,FRANKLIN (49),1800,COLUMBUS,8,August,30,30,3,Tuesday,2022,4,4:00am-4:59am,27,27,CR-80 COOKE RD,NA,4,County Road,2,Urban,5,Major Collector,2,County Highway Agency,0,This section IS NOT on the NHS,0,No Special Jurisdiction,0,None,40.04938611,40.04938611,-83.01547222,-83.01547222,11,Live Animal,0,The First Harmful Event was Not a Collision with a Motor Vehicle in Transport,0,No,1,Non-Junction,1,Not an Intersection,1,On Roadway,0,None,3,Dark - Lighted,10,Cloudy,0,No,0000000,Not Applicable,4,4:00am-4:59am,33,33,4,4:00am-4:59am,40,40,4,4:00am-4:59am,59,59,1
39,Ohio,391223,0,0,1,1,0,2,2,153,SUMMIT (153),6909,RICHFIELD,12,December,25,25,1,Sunday,2022,20,8:00pm-8:59pm,36,36,I-77 VIETNAM VETERANS MEM HWY,NA,1,Interstate,2,Urban,1,Interstate,1,State Highway Agency,1,This section IS ON the NHS,0,No Special Jurisdiction,321,321,41.25671667,41.25671667,-81.63210278,-81.63210278,24,Guardrail Face,0,The First Harmful Event was Not a Collision with a Motor Vehicle in Transport,0,No,1,Non-Junction,1,Not an Intersection,4,On Roadside,0,None,3,Dark - Lighted,1,Clear,0,No,0000000,Not Applicable,20,8:00pm-8:59pm,44,44,20,8:00pm-8:59pm,58,58,21,9:00pm-9:59pm,23,23,1
39,Ohio,391224,0,0,2,2,0,2,2,155,TRUMBULL (155),0,NOT APPLICABLE,12,December,7,7,4,Wednesday,2022,18,6:00pm-6:59pm,22,22,US-62,I-80 EXIT RAMP,2,US Highway,2,Urban,3,Principal Arterial - Other,1,State Highway Agency,1,This section IS ON the NHS,0,No Special Jurisdiction,47,47,41.17402222,41.17402222,-80.56865556,-80.56865556,12,Motor Vehicle In-Transport,6,Angle,1,Yes,2,Intersection,2,Four-Way Intersection,1,On Roadway,0,None,3,Dark - Lighted,10,Cloudy,0,No,0000000,Not Applicable,18,6:00pm-6:59pm,20,20,18,6:00pm-6:59pm,27,27,18,6:00pm-6:59pm,48,48,1
39,Ohio,391225,0,0,2,2,0,4,4,129,PICKAWAY (129),0,NOT APPLICABLE,12,December,15,15,5,Thursday,2022,11,11:00am-11:59am,5,5,SR-104,SR-56,3,State Highway,1,Rural,5,Major Collector,1,State Highway Agency,0,This section IS NOT on the NHS,0,No Special Jurisdiction,77,77,39.61171111,39.61171111,-83.00606667,-83.00606667,12,Motor Vehicle In-Transport,6,Angle,0,No,2,Intersection,2,Four-Way Intersection,1,On Roadway,0,None,1,Daylight,10,Cloudy,0,No,0000000,Not Applicable,11,11:00am-11:59am,16,16,11,11:00am-11:59am,31,31,12,12:00pm-12:59pm,28,28,1
39,Ohio,391226,0,0,1,1,0,1,1,61,HAMILTON (61),6090,NORWOOD,12,December,31,31,7,Saturday,2022,23,11:00pm-11:59pm,44,44,I-71,NA,1,Interstate,2,Urban,1,Interstate,1,State Highway Agency,1,This section IS ON the NHS,0,No Special Jurisdiction,69,69,39.15173333,39.15173333,-84.44361944,-84.44361944,33,Curb,0,The First Harmful Event was Not a Collision with a Motor Vehicle in Transport,0,No,1,Non-Junction,1,Not an Intersection,4,On Roadside,0,None,3,Dark - Lighted,10,Cloudy,0,No,0000000,Not Applicable,23,11:00pm-11:59pm,44,44,23,11:00pm-11:59pm,52,52,88,Not Applicable (Not Transported),88,Not Applicable (Not Transported),1
39,Ohio,391227,0,0,2,2,0,4,4,61,HAMILTON (61),0,NOT APPLICABLE,12,December,9,9,6,Friday,2022,8,8:00am-8:59am,35,35,CR-73 CHEVIOT RD,TR-134 TALLAHASSEE DR,4,County Road,2,Urban,4,Minor Arterial,2,County Highway Agency,0,This section IS NOT on the NHS,0,No Special Jurisdiction,0,None,39.19455556,39.19455556,-84.599075,-84.599075,12,Motor Vehicle In-Transport,6,Angle,0,No,2,Intersection,3,T-Intersection,1,On Roadway,0,None,1,Daylight,1,Clear,0,No,0000000,Not Applicable,8,8:00am-8:59am,35,35,8,8:00am-8:59am,38,38,9,9:00am-9:59am,9,9,1
39,Ohio,391228,1,1,1,1,0,1,1,61,HAMILTON (61),0,NOT APPLICABLE,11,November,14,14,2,Monday,2022,0,0:00am-0:59am,45,45,CR-358 CLOUGH PIKE,NA,4,County Road,2,Urban,4,Minor Arterial,2,County Highway Agency,0,This section IS NOT on the NHS,0,No Special Jurisdiction,0,None,39.08778056,39.08778056,-84.31909444,-84.31909444,8,Pedestrian,0,The First Harmful Event was Not a Collision with a Motor Vehicle in Transport,0,No,1,Non-Junction,1,Not an Intersection,1,On Roadway,0,None,2,Dark - Not Lighted,1,Clear,0,No,0000000,Not Applicable,0,0:00am-0:59am,54,54,0,0:00am-0:59am,57,57,1,1:00am-1:59am,11,11,1
39,Ohio,391229,0,0,1,1,0,1,1,155,TRUMBULL (155),5820,NEWTON FALLS,11,November,8,8,3,Tuesday,2022,18,6:00pm-6:59pm,54,54,CHURCH  ST,NA,6,Local Street - Municipality,2,Urban,7,Local,4,City or Municipal Highway Agency,0,This section IS NOT on the NHS,0,No Special Jurisdiction,0,None,41.18719167,41.18719167,-80.98148611,-80.98148611,31,"Post, Pole or Other Supports",0,The First Harmful Event was Not a Collision with a Motor Vehicle in Transport,0,No,1,Non-Junction,1,Not an Intersection,4,On Roadside,0,None,3,Dark - Lighted,1,Clear,0,No,0000000,Not Applicable,18,6:00pm-6:59pm,28,28,18,6:00pm-6:59pm,30,30,19,7:00pm-7:59pm,1,1,1